REGION,PROVINCIA,COMUNA,DISTRITO,COD_DISTRI,COD_LOCALI,COD_ENTIDA,CATEGORIA,PERSONAS,HOMBRES,MUJERES,DE_0_A_5_A,DE_6_A_14_,DE_15_A_64,DE_65_MAS_,INMIGRANTE,PUEBLOS_OR,VIVIENDAS_,VIVIENDAS1,VIV_OCUPAD,TOTAL_VIVI,TOT_HOGARE,CASA,DEPTO,VIV_INDIGE,CONVENTILL,MEDIAGUA,MOVIL,OTRA_VIV_P,VIV_HORMIG,VIV_ALBANI,VIV_TABIQU,VIV_TABI_1,VIV_ADOBE,VIV_PARED_,VIV_TEJAS_,VIV_LOSA_H,VIV_PLANCH,VIV_FONOLI,VIV_PAJA,VIV_TECHO_,VIV_SIN_TE,VIV_PARQUE,VIV_RADIER,VIV_BALDOS,VIV_CAPA_C,VIV_PISO_T,IND_MAT_AC,IND_MAT_RE,IND_MAT_IR,VIV_AGUA_R,VIV_AGUA_P,VIV_AGUA_C,VIV_AGUA_1,x,y
REGIÓN DE VALPARAÍSO,VALPARAÍSO,VALPARAÍSO,PLACILLA,21,6,5,1,66,30,36,Indeterminado,11,48,Indeterminado,Indeterminado,6,21,0,21,21,22,21,0,0,0,0,0,0,0,21,0,0,0,0,1,0,20,0,0,0,0,21,0,0,0,0,21,0,0,21,0,0,0,,
REGIÓN DE VALPARAÍSO,VALPARAÍSO,VALPARAÍSO,PLACILLA,21,8,54,1,32,13,19,7,Indeterminado,19,Indeterminado,0,0,12,0,10,12,10,12,0,0,0,0,0,0,0,1,5,3,0,0,0,0,9,0,0,0,0,8,0,1,0,0,5,4,0,9,0,0,0,,
REGIÓN DE VALPARAÍSO,VALPARAÍSO,VALPARAÍSO,PLACILLA,21,6,6,1,64,34,30,Indeterminado,15,39,Indeterminado,0,8,16,0,16,16,17,16,0,0,0,0,0,0,0,16,0,0,0,0,0,0,16,0,0,0,0,16,0,0,0,0,16,0,0,16,0,0,0,,
REGIÓN DE VALPARAÍSO,VALPARAÍSO,VALPARAÍSO,PLACILLA,21,8,52,1,50,22,28,Indeterminado,Indeterminado,30,11,Indeterminado,Indeterminado,16,0,16,16,16,16,0,0,0,0,0,0,0,2,13,0,1,0,0,0,16,0,0,0,0,16,0,0,0,0,15,1,0,16,0,0,0,,
REGIÓN DE VALPARAÍSO,VALPARAÍSO,VALPARAÍSO,PLACILLA,21,8,50,1,42,21,21,Indeterminado,Indeterminado,26,11,0,Indeterminado,13,0,13,13,13,11,0,0,0,2,0,0,0,1,10,2,0,0,0,0,13,0,0,0,0,12,0,1,0,0,10,3,0,13,0,0,0,,
REGIÓN DE VALPARAÍSO,VALPARAÍSO,VALPARAÍSO,PLACILLA,21,4,54,1,19,10,9,Indeterminado,Indeterminado,15,Indeterminado,0,Indeterminado,8,0,8,8,8,8,0,0,0,0,0,0,0,2,3,3,0,0,0,0,8,0,0,0,0,5,0,1,2,0,3,5,0,8,0,0,0,,
REGIÓN DE VALPARAÍSO,VALPARAÍSO,VALPARAÍSO,PLACILLA,21,8,49,1,71,33,38,Indeterminado,Indeterminado,45,17,Indeterminado,Indeterminado,27,0,24,27,26,26,0,0,0,1,0,0,1,3,18,2,0,0,0,0,23,1,0,0,0,21,0,0,1,0,19,3,0,22,0,0,0,,
REGIÓN DE VALPARAÍSO,VALPARAÍSO,VALPARAÍSO,PLACILLA,21,8,47,1,27,15,12,Indeterminado,5,18,Indeterminado,0,10,9,0,9,9,9,9,0,0,0,0,0,0,0,1,7,1,0,0,1,0,8,0,0,0,0,9,0,0,0,0,8,1,0,9,0,0,0,,
REGIÓN DE VALPARAÍSO,VALPARAÍSO,VALPARAÍSO,PLACILLA,21,3,10,1,50,24,26,6,6,30,8,0,4,20,0,15,20,15,20,0,0,0,0,0,0,1,1,10,3,0,0,6,0,8,0,0,0,1,14,0,0,1,0,11,3,1,15,0,0,0,,
REGIÓN DE VALPARAÍSO,VALPARAÍSO,VALPARAÍSO,PLACILLA,21,3,17,1,71,35,36,Indeterminado,Indeterminado,47,12,Indeterminado,9,28,0,25,28,25,28,0,0,0,0,0,0,0,5,18,2,0,0,0,0,23,0,0,2,0,25,0,0,0,0,21,2,2,25,0,0,0,,
REGIÓN DE VALPARAÍSO,VALPARAÍSO,VALPARAÍSO,PLACILLA,21,5,36,1,1290,624,666,119,225,862,84,24,72,401,0,384,401,388,401,0,0,0,0,0,0,39,337,6,0,0,0,201,1,175,2,0,2,0,374,0,6,0,0,369,8,2,382,0,0,0,,
REGIÓN DE VALPARAÍSO,VALPARAÍSO,VALPARAÍSO,PLACILLA,21,6,11,1,164,76,88,7,29,117,11,Indeterminado,8,54,0,52,54,53,54,0,0,0,0,0,0,1,51,0,0,0,0,1,0,51,0,0,0,0,52,0,0,0,0,52,0,0,52,0,0,0,,
REGIÓN DE VALPARAÍSO,VALPARAÍSO,VALPARAÍSO,PLACILLA,21,4,56,1,81,44,37,Indeterminado,Indeterminado,57,11,Indeterminado,5,25,0,25,25,25,25,0,0,0,0,0,0,0,5,16,3,0,1,1,0,22,0,0,2,0,22,0,2,1,0,18,4,3,24,1,0,0,,
REGIÓN DE VALPARAÍSO,VALPARAÍSO,VALPARAÍSO,PLACILLA,21,6,10,1,150,67,83,8,20,108,14,7,11,53,0,51,53,51,53,0,0,0,0,0,0,3,47,1,0,0,0,6,1,44,0,0,0,0,50,0,1,0,0,50,1,0,51,0,0,0,,
REGIÓN DE VALPARAÍSO,VALPARAÍSO,VALPARAÍSO,PLACILLA,21,5,2,1,88,40,48,7,8,64,9,0,13,33,0,32,33,32,33,0,0,0,0,0,0,1,30,1,0,0,0,4,0,28,0,0,0,0,32,0,0,0,0,32,0,0,32,0,0,0,,
REGIÓN DE VALPARAÍSO,VALPARAÍSO,VALPARAÍSO,PLACILLA,21,4,63,1,48,19,29,Indeterminado,Indeterminado,26,13,0,Indeterminado,17,0,17,17,17,17,0,0,0,0,0,0,3,2,7,4,1,0,4,0,13,0,0,0,0,17,0,0,0,0,12,5,0,17,0,0,0,,
REGIÓN DE VALPARAÍSO,VALPARAÍSO,VALPARAÍSO,PLACILLA,21,5,1,1,74,33,41,Indeterminado,11,51,Indeterminado,Indeterminado,6,24,0,24,24,26,24,0,0,0,0,0,0,1,23,0,0,0,0,5,0,19,0,0,0,0,24,0,0,0,0,24,0,0,24,0,0,0,,
REGIÓN DE VALPARAÍSO,VALPARAÍSO,VALPARAÍSO,PLACILLA,21,6,9,1,156,72,84,9,26,115,6,0,Indeterminado,55,0,54,55,55,55,0,0,0,0,0,0,6,48,0,0,0,0,9,0,45,0,0,0,0,54,0,0,0,0,54,0,0,54,0,0,0,,
REGIÓN DE VALPARAÍSO,VALPARAÍSO,VALPARAÍSO,PLACILLA,21,6,8,1,157,67,90,8,28,110,11,Indeterminado,11,52,0,48,52,49,52,0,0,0,0,0,0,0,48,0,0,0,0,10,0,38,0,0,0,0,47,0,1,0,0,47,1,0,48,0,0,0,,
REGIÓN DE VALPARAÍSO,VALPARAÍSO,VALPARAÍSO,PLACILLA,21,5,3,1,76,39,37,7,8,52,9,0,9,25,0,23,25,23,25,0,0,0,0,0,0,0,23,0,0,0,0,0,0,23,0,0,0,0,23,0,0,0,0,23,0,0,23,0,0,0,,
REGIÓN DE VALPARAÍSO,VALPARAÍSO,VALPARAÍSO,PLACILLA,21,6,7,1,153,72,81,13,18,101,21,0,6,52,0,51,52,51,52,0,0,0,0,0,0,2,48,1,0,0,0,9,0,41,1,0,0,0,50,0,1,0,0,49,2,0,51,0,0,0,,
REGIÓN DE VALPARAÍSO,VALPARAÍSO,VALPARAÍSO,PLACILLA,21,4,55,1,48,21,27,Indeterminado,6,36,Indeterminado,5,9,17,0,16,17,16,16,0,0,0,0,0,1,1,7,6,2,0,0,1,0,15,0,0,0,0,15,1,0,0,0,13,3,0,16,0,0,0,,
REGIÓN DE VALPARAÍSO,VALPARAÍSO,VALPARAÍSO,PLACILLA,21,4,65,1,85,43,42,7,9,62,7,Indeterminado,8,27,0,26,27,26,27,0,0,0,0,0,0,0,3,19,4,0,0,6,0,20,0,0,0,0,25,0,1,0,0,22,4,0,26,0,0,0,,
REGIÓN DE VALPARAÍSO,VALPARAÍSO,VALPARAÍSO,PLACILLA,21,8,57,1,61,37,24,Indeterminado,Indeterminado,46,10,Indeterminado,Indeterminado,20,0,18,20,18,20,0,0,0,0,0,0,4,4,4,5,1,0,0,0,18,0,0,0,0,18,0,0,0,0,12,6,0,17,0,0,0,,
REGIÓN DE VALPARAÍSO,VALPARAÍSO,VALPARAÍSO,PLACILLA,21,4,502,1,88,43,45,8,13,56,11,Indeterminado,4,28,0,27,28,27,27,1,0,0,0,0,0,4,4,14,5,0,0,0,1,23,0,0,1,0,23,2,0,0,0,18,6,1,27,0,0,0,,
REGIÓN DE VALPARAÍSO,VALPARAÍSO,VALPARAÍSO,PLACILLA,21,8,58,1,38,16,22,Indeterminado,Indeterminado,26,7,0,Indeterminado,19,0,16,19,16,19,0,0,0,0,0,0,1,5,8,0,2,0,1,0,15,0,0,0,0,16,0,0,0,0,14,2,0,15,0,0,0,,
REGIÓN DE VALPARAÍSO,VALPARAÍSO,VALPARAÍSO,PLACILLA,21,3,9,1,100,54,46,10,8,74,8,7,Indeterminado,36,0,31,36,31,36,0,0,0,0,0,0,4,4,18,5,0,0,2,0,27,0,0,2,0,28,0,1,2,0,23,6,2,30,0,1,0,,
REGIÓN DE VALPARAÍSO,VALPARAÍSO,VALPARAÍSO,PLACILLA,21,8,60,1,49,23,26,Indeterminado,Indeterminado,30,12,0,Indeterminado,22,0,18,22,18,21,0,0,0,0,0,1,1,2,4,10,0,0,3,0,13,0,0,0,0,18,0,0,0,0,6,10,0,16,0,0,0,,
REGIÓN DE VALPARAÍSO,VALPARAÍSO,VALPARAÍSO,PLACILLA,21,6,13,1,24,10,14,Indeterminado,Indeterminado,20,Indeterminado,0,Indeterminado,8,0,8,8,8,8,0,0,0,0,0,0,1,7,0,0,0,0,0,0,8,0,0,0,0,8,0,0,0,0,8,0,0,8,0,0,0,,
REGIÓN DE VALPARAÍSO,VALPARAÍSO,VALPARAÍSO,PLACILLA,21,8,61,1,75,36,39,10,5,53,7,9,7,18,0,17,18,18,18,0,0,0,0,0,0,0,6,8,3,0,0,0,0,17,0,0,0,0,17,0,0,0,0,14,3,0,17,0,0,0,,
REGIÓN DE VALPARAÍSO,VALPARAÍSO,VALPARAÍSO,PLACILLA,21,3,26,1,104,52,52,7,12,66,19,0,8,33,0,30,33,30,33,0,0,0,0,0,0,1,4,13,11,1,0,1,0,26,0,0,3,0,26,0,4,0,0,14,13,3,29,1,0,0,,
REGIÓN DE VALPARAÍSO,VALPARAÍSO,VALPARAÍSO,PLACILLA,21,3,21,1,185,92,93,15,23,124,23,9,16,54,0,51,54,54,52,0,0,0,2,0,0,0,6,28,13,2,2,4,0,44,1,0,2,0,49,2,0,0,0,33,15,3,46,5,0,0,,
REGIÓN DE VALPARAÍSO,VALPARAÍSO,VALPARAÍSO,PLACILLA,21,8,62,1,30,16,14,Indeterminado,Indeterminado,24,Indeterminado,0,Indeterminado,15,0,15,15,15,15,0,0,0,0,0,0,0,1,7,3,2,2,2,0,12,0,0,1,0,12,0,1,2,0,6,7,2,15,0,0,0,,
REGIÓN DE VALPARAÍSO,VALPARAÍSO,VALPARAÍSO,PLACILLA,21,5,15,1,145,73,72,10,21,110,4,Indeterminado,8,40,0,39,40,39,40,0,0,0,0,0,0,2,37,0,0,0,0,3,4,32,0,0,0,0,38,0,1,0,0,38,1,0,39,0,0,0,,
REGIÓN DE VALPARAÍSO,VALPARAÍSO,VALPARAÍSO,PLACILLA,21,3,25,1,114,56,58,7,13,73,21,Indeterminado,5,40,0,40,40,40,40,0,0,0,0,0,0,1,7,28,3,1,0,2,0,37,0,0,1,0,39,0,1,0,0,34,5,1,40,0,0,0,,
REGIÓN DE VALPARAÍSO,VALPARAÍSO,VALPARAÍSO,PLACILLA,21,6,15,1,52,20,32,5,11,28,8,0,Indeterminado,18,0,17,18,17,18,0,0,0,0,0,0,1,16,0,0,0,0,2,0,15,0,0,0,0,17,0,0,0,0,17,0,0,17,0,0,0,,
REGIÓN DE VALPARAÍSO,VALPARAÍSO,VALPARAÍSO,PLACILLA,21,5,14,1,139,66,73,14,20,97,8,Indeterminado,10,44,0,42,44,43,44,0,0,0,0,0,0,1,40,1,0,0,0,2,2,38,0,0,0,0,42,0,0,0,0,42,0,0,42,0,0,0,,
REGIÓN DE VALPARAÍSO,VALPARAÍSO,VALPARAÍSO,PLACILLA,21,5,13,1,125,57,68,6,12,98,9,4,11,44,0,44,44,44,44,0,0,0,0,0,0,1,43,0,0,0,0,42,1,1,0,0,0,0,42,0,2,0,0,42,2,0,44,0,0,0,,
REGIÓN DE VALPARAÍSO,VALPARAÍSO,VALPARAÍSO,PLACILLA,21,4,67,1,18,7,11,Indeterminado,Indeterminado,12,Indeterminado,0,0,7,0,6,7,6,7,0,0,0,0,0,0,0,0,2,4,0,0,3,0,3,0,0,0,0,5,0,1,0,0,2,4,0,6,0,0,0,,
REGIÓN DE VALPARAÍSO,VALPARAÍSO,VALPARAÍSO,PLACILLA,21,6,16,1,101,49,52,9,17,66,9,0,4,39,0,33,39,33,39,0,0,0,0,0,0,2,31,0,0,0,0,9,1,23,0,0,0,0,31,1,0,1,0,31,2,0,33,0,0,0,,
REGIÓN DE VALPARAÍSO,VALPARAÍSO,VALPARAÍSO,PLACILLA,21,8,67,1,11,5,6,Indeterminado,0,8,Indeterminado,0,Indeterminado,10,0,6,10,6,8,0,0,0,0,0,2,0,2,4,0,0,0,1,0,5,0,0,0,0,6,0,0,0,0,6,0,0,6,0,0,0,,
REGIÓN DE VALPARAÍSO,VALPARAÍSO,VALPARAÍSO,PLACILLA,21,3,22,1,125,60,65,13,10,87,15,6,9,40,0,38,40,38,40,0,0,0,0,0,0,2,6,23,7,0,0,3,0,35,0,0,0,0,20,0,15,3,0,17,21,0,38,0,0,0,,
REGIÓN DE VALPARAÍSO,VALPARAÍSO,VALPARAÍSO,PLACILLA,21,3,24,1,87,48,39,5,11,58,13,Indeterminado,9,34,0,29,34,29,32,0,0,0,1,0,1,0,8,19,1,0,1,0,0,27,0,0,1,1,27,0,1,1,0,25,2,2,29,0,0,0,,
REGIÓN DE VALPARAÍSO,VALPARAÍSO,VALPARAÍSO,PLACILLA,21,5,6,1,156,69,87,12,20,104,20,Indeterminado,6,55,0,54,55,54,55,0,0,0,0,0,0,4,49,1,0,0,0,3,0,51,0,0,0,0,52,0,2,0,0,52,2,0,54,0,0,0,,
REGIÓN DE VALPARAÍSO,VALPARAÍSO,VALPARAÍSO,PLACILLA,21,8,65,1,65,25,40,Indeterminado,Indeterminado,46,11,0,4,22,0,21,22,21,19,0,0,0,1,0,2,0,2,19,0,0,0,0,0,21,0,0,0,0,21,0,0,0,0,21,0,0,21,0,0,0,,
REGIÓN DE VALPARAÍSO,VALPARAÍSO,VALPARAÍSO,PLACILLA,21,5,5,1,72,35,37,4,13,48,7,0,5,25,0,25,25,27,25,0,0,0,0,0,0,1,23,0,0,0,0,2,0,21,1,0,0,0,23,0,1,0,0,22,2,0,24,0,0,0,,
REGIÓN DE VALPARAÍSO,VALPARAÍSO,VALPARAÍSO,PLACILLA,21,3,29,1,18,10,8,Indeterminado,6,8,Indeterminado,0,Indeterminado,5,0,5,5,5,5,0,0,0,0,0,0,0,4,1,0,0,0,0,0,5,0,0,0,0,5,0,0,0,0,5,0,0,5,0,0,0,,
REGIÓN DE VALPARAÍSO,VALPARAÍSO,VALPARAÍSO,PLACILLA,21,8,64,1,49,22,27,Indeterminado,Indeterminado,31,13,0,Indeterminado,19,0,17,19,17,19,0,0,0,0,0,0,1,1,12,0,3,0,1,0,16,0,0,0,0,17,0,0,0,0,14,3,0,17,0,0,0,,
REGIÓN DE VALPARAÍSO,VALPARAÍSO,VALPARAÍSO,PLACILLA,21,8,63,1,82,44,38,4,11,50,17,Indeterminado,10,28,0,28,28,28,28,0,0,0,0,0,0,1,2,24,0,0,0,0,0,27,0,0,0,0,25,1,0,1,0,25,2,0,26,0,0,0,,
REGIÓN DE VALPARAÍSO,VALPARAÍSO,VALPARAÍSO,PLACILLA,21,6,29,1,141,68,73,11,16,100,14,0,15,52,0,50,52,50,52,0,0,0,0,0,0,13,34,1,0,0,0,4,1,42,0,0,0,0,46,0,0,0,0,46,0,0,48,0,0,0,,
REGIÓN DE VALPARAÍSO,VALPARAÍSO,VALPARAÍSO,PLACILLA,21,6,30,1,163,76,87,21,24,107,11,Indeterminado,9,50,0,47,50,47,50,0,0,0,0,0,0,1,46,0,0,0,0,13,0,34,0,0,0,0,42,0,5,0,0,42,5,0,47,0,0,0,,
REGIÓN DE VALPARAÍSO,VALPARAÍSO,VALPARAÍSO,PLACILLA,21,6,25,1,38,21,17,Indeterminado,9,24,Indeterminado,0,0,15,0,15,15,15,15,0,0,0,0,0,0,0,15,0,0,0,0,14,0,1,0,0,0,0,15,0,0,0,0,15,0,0,15,0,0,0,,
REGIÓN DE VALPARAÍSO,VALPARAÍSO,VALPARAÍSO,PLACILLA,21,3,23,1,129,70,59,11,12,94,12,9,4,42,0,36,42,36,42,0,0,0,0,0,0,1,5,24,4,0,2,2,0,34,0,0,0,0,34,0,1,0,0,28,5,2,36,0,0,0,,
REGIÓN DE VALPARAÍSO,VALPARAÍSO,VALPARAÍSO,PLACILLA,21,6,31,1,137,56,81,12,14,93,18,0,10,50,0,48,50,48,50,0,0,0,0,0,0,3,45,0,0,0,0,6,1,41,0,0,0,0,48,0,0,0,0,48,0,0,48,0,0,0,,
REGIÓN DE VALPARAÍSO,VALPARAÍSO,VALPARAÍSO,PLACILLA,21,6,32,1,123,53,70,11,13,89,10,0,4,47,0,43,47,43,47,0,0,0,0,0,0,1,41,1,0,0,0,9,0,32,1,0,1,0,41,0,1,1,0,39,3,1,43,0,0,0,,
REGIÓN DE VALPARAÍSO,VALPARAÍSO,VALPARAÍSO,PLACILLA,21,6,33,1,123,65,58,16,12,87,8,0,4,40,0,37,40,37,40,0,0,0,0,0,0,1,35,1,0,0,0,1,0,36,0,0,0,0,29,1,6,1,0,29,8,0,37,0,0,0,,
REGIÓN DE VALPARAÍSO,VALPARAÍSO,VALPARAÍSO,PLACILLA,21,6,23,1,76,34,42,8,16,47,5,4,7,20,0,20,20,20,20,0,0,0,0,0,0,0,20,0,0,0,0,10,0,10,0,0,0,0,20,0,0,0,0,20,0,0,20,0,0,0,,
REGIÓN DE VALPARAÍSO,VALPARAÍSO,VALPARAÍSO,PLACILLA,21,6,24,1,60,25,35,12,Indeterminado,37,Indeterminado,Indeterminado,Indeterminado,18,0,16,18,16,18,0,0,0,0,0,0,0,16,0,0,0,0,0,0,16,0,0,0,0,16,0,0,0,0,16,0,0,16,0,0,0,,
REGIÓN DE VALPARAÍSO,VALPARAÍSO,VALPARAÍSO,PLACILLA,21,5,12,1,28,14,14,Indeterminado,Indeterminado,19,4,0,6,8,0,8,8,8,8,0,0,0,0,0,0,1,7,0,0,0,0,0,0,8,0,0,0,0,8,0,0,0,0,8,0,0,8,0,0,0,,
REGIÓN DE VALPARAÍSO,VALPARAÍSO,VALPARAÍSO,PLACILLA,21,4,70,1,118,72,46,9,21,80,8,6,23,33,0,33,33,34,31,0,0,2,0,0,0,1,4,24,3,0,0,3,0,29,0,0,0,0,30,0,2,0,0,27,5,0,29,2,1,0,,
REGIÓN DE VALPARAÍSO,VALPARAÍSO,VALPARAÍSO,PLACILLA,21,4,69,1,23,14,9,0,Indeterminado,21,Indeterminado,Indeterminado,Indeterminado,10,1,8,11,10,10,0,0,0,0,0,0,0,2,1,4,1,0,2,0,6,0,0,0,0,8,0,0,0,0,3,5,0,7,1,0,0,,
REGIÓN DE VALPARAÍSO,VALPARAÍSO,VALPARAÍSO,PLACILLA,21,6,22,1,105,46,59,Indeterminado,17,73,Indeterminado,5,6,32,0,31,32,31,32,0,0,0,0,0,0,0,30,1,0,0,0,2,0,28,1,0,0,0,31,0,0,0,0,30,1,0,31,0,0,0,,
REGIÓN DE VALPARAÍSO,VALPARAÍSO,VALPARAÍSO,PLACILLA,21,5,7,1,216,105,111,15,38,148,15,Indeterminado,13,70,0,63,70,65,70,0,0,0,0,0,0,0,63,0,0,0,0,14,0,49,0,0,0,0,63,0,0,0,0,63,0,0,63,0,0,0,,
REGIÓN DE VALPARAÍSO,VALPARAÍSO,VALPARAÍSO,PLACILLA,21,5,16,1,111,61,50,6,16,81,8,Indeterminado,5,40,0,36,40,36,40,0,0,0,0,0,0,2,34,0,0,0,0,0,0,36,0,0,0,0,36,0,0,0,0,36,0,0,35,0,0,0,,
REGIÓN DE VALPARAÍSO,VALPARAÍSO,VALPARAÍSO,PLACILLA,21,8,68,1,62,34,28,7,6,42,7,Indeterminado,5,21,0,17,21,17,21,0,0,0,0,0,0,0,2,11,3,1,0,2,0,15,0,0,0,0,17,0,0,0,0,13,4,0,17,0,0,0,,
REGIÓN DE VALPARAÍSO,VALPARAÍSO,VALPARAÍSO,PLACILLA,21,5,17,1,50,27,23,Indeterminado,8,35,Indeterminado,0,Indeterminado,15,0,15,15,15,15,0,0,0,0,0,0,1,14,0,0,0,0,1,0,14,0,0,0,0,15,0,0,0,0,15,0,0,15,0,0,0,,
REGIÓN DE VALPARAÍSO,VALPARAÍSO,VALPARAÍSO,PLACILLA,21,8,69,1,77,43,34,9,8,50,10,0,Indeterminado,20,0,20,20,21,20,0,0,0,0,0,0,2,2,10,4,1,1,2,0,18,0,0,0,0,19,1,0,0,0,14,5,1,18,2,0,0,,
REGIÓN DE VALPARAÍSO,VALPARAÍSO,VALPARAÍSO,PLACILLA,21,6,26,1,49,20,29,Indeterminado,6,38,Indeterminado,Indeterminado,Indeterminado,17,0,16,17,16,17,0,0,0,0,0,0,0,16,0,0,0,0,0,0,16,0,0,0,0,16,0,0,0,0,16,0,0,16,0,0,0,,
REGIÓN DE VALPARAÍSO,VALPARAÍSO,VALPARAÍSO,PLACILLA,21,5,18,1,45,17,28,Indeterminado,6,32,Indeterminado,0,0,15,0,14,15,14,15,0,0,0,0,0,0,1,13,0,0,0,0,4,0,10,0,0,0,0,14,0,0,0,0,14,0,0,14,0,0,0,,
REGIÓN DE VALPARAÍSO,VALPARAÍSO,VALPARAÍSO,PLACILLA,21,8,70,1,118,70,48,6,10,77,25,Indeterminado,Indeterminado,48,0,42,48,43,45,0,0,0,2,1,0,0,11,25,2,2,1,4,0,37,0,0,0,1,37,2,2,0,1,33,7,1,41,0,0,0,,
REGIÓN DE VALPARAÍSO,VALPARAÍSO,VALPARAÍSO,PLACILLA,21,8,71,1,57,26,31,Indeterminado,10,38,Indeterminado,0,0,22,0,20,22,21,22,0,0,0,0,0,0,2,1,14,3,0,0,0,0,20,0,0,0,0,19,1,0,0,0,16,4,0,20,0,0,0,,
REGIÓN DE VALPARAÍSO,VALPARAÍSO,VALPARAÍSO,PLACILLA,21,8,72,1,80,37,43,6,4,59,11,4,Indeterminado,23,0,23,23,24,23,0,0,0,0,0,0,0,4,19,0,0,0,1,0,22,0,0,0,0,23,0,0,0,0,23,0,0,23,0,0,0,,
REGIÓN DE VALPARAÍSO,VALPARAÍSO,VALPARAÍSO,PLACILLA,21,5,8,1,77,40,37,11,10,52,4,Indeterminado,4,28,0,24,28,24,28,0,0,0,0,0,0,0,24,0,0,0,0,18,0,6,0,0,0,0,24,0,0,0,0,24,0,0,24,0,0,0,,
REGIÓN DE VALPARAÍSO,VALPARAÍSO,VALPARAÍSO,PLACILLA,21,6,27,1,49,24,25,5,6,32,6,0,Indeterminado,15,0,15,15,15,15,0,0,0,0,0,0,0,15,0,0,0,0,2,0,13,0,0,0,0,14,0,0,1,0,14,1,0,15,0,0,0,,
REGIÓN DE VALPARAÍSO,VALPARAÍSO,VALPARAÍSO,PLACILLA,21,3,30,1,104,50,54,11,18,68,7,0,Indeterminado,31,0,28,31,28,30,0,0,0,0,0,1,3,3,13,9,0,0,2,0,24,0,0,2,0,26,1,0,1,0,18,8,2,28,0,0,0,,
REGIÓN DE VALPARAÍSO,VALPARAÍSO,VALPARAÍSO,PLACILLA,21,5,9,1,80,45,35,Indeterminado,15,55,Indeterminado,0,4,25,0,21,25,21,25,0,0,0,0,0,0,0,20,1,0,0,0,3,1,17,0,0,0,0,21,0,0,0,0,21,0,0,21,0,0,0,,
REGIÓN DE VALPARAÍSO,VALPARAÍSO,VALPARAÍSO,PLACILLA,21,5,19,1,55,21,34,Indeterminado,7,39,Indeterminado,0,Indeterminado,21,0,20,21,20,21,0,0,0,0,0,0,2,18,0,0,0,0,5,1,14,0,0,0,0,20,0,0,0,0,20,0,0,20,0,0,0,,
REGIÓN DE VALPARAÍSO,VALPARAÍSO,VALPARAÍSO,PLACILLA,21,6,28,1,40,14,26,Indeterminado,10,24,Indeterminado,Indeterminado,Indeterminado,13,0,13,13,13,13,0,0,0,0,0,0,0,13,0,0,0,0,6,1,6,0,0,0,0,13,0,0,0,0,13,0,0,13,0,0,0,,
REGIÓN DE VALPARAÍSO,VALPARAÍSO,VALPARAÍSO,PLACILLA,21,5,10,1,65,32,33,Indeterminado,9,50,Indeterminado,Indeterminado,6,19,0,19,19,20,19,0,0,0,0,0,0,0,19,0,0,0,0,1,0,18,0,0,0,0,19,0,0,0,0,19,0,0,19,0,0,0,,
REGIÓN DE VALPARAÍSO,VALPARAÍSO,VALPARAÍSO,PLACILLA,21,5,20,1,94,49,45,Indeterminado,20,65,Indeterminado,0,4,27,0,26,27,26,27,0,0,0,0,0,0,0,26,0,0,0,0,0,0,26,0,0,0,0,26,0,0,0,0,26,0,0,26,0,0,0,,
REGIÓN DE VALPARAÍSO,VALPARAÍSO,VALPARAÍSO,PLACILLA,21,6,46,1,195,92,103,22,28,141,4,7,8,60,0,58,60,58,60,0,0,0,0,0,0,1,57,0,0,0,0,0,8,50,0,0,0,0,58,0,0,0,0,58,0,0,58,0,0,0,,
REGIÓN DE VALPARAÍSO,VALPARAÍSO,VALPARAÍSO,PLACILLA,21,6,41,1,122,58,64,15,18,81,8,0,16,49,0,43,49,43,49,0,0,0,0,0,0,8,35,0,0,0,0,3,0,40,0,0,0,0,43,0,0,0,0,43,0,0,43,0,0,0,,
REGIÓN DE VALPARAÍSO,VALPARAÍSO,VALPARAÍSO,PLACILLA,21,5,11,1,46,23,23,Indeterminado,9,31,Indeterminado,0,Indeterminado,18,0,16,18,16,18,0,0,0,0,0,0,0,16,0,0,0,0,0,0,16,0,0,0,0,16,0,0,0,0,16,0,0,16,0,0,0,,
REGIÓN DE VALPARAÍSO,VALPARAÍSO,VALPARAÍSO,PLACILLA,21,6,40,1,122,63,59,8,23,83,8,Indeterminado,5,44,0,39,44,39,44,0,0,0,0,0,0,11,27,1,0,0,0,8,0,31,0,0,0,0,39,0,0,0,0,39,0,0,39,0,0,0,,
REGIÓN DE VALPARAÍSO,VALPARAÍSO,VALPARAÍSO,PLACILLA,21,6,38,1,121,60,61,19,13,78,11,4,6,40,0,40,40,41,40,0,0,0,0,0,0,1,39,0,0,0,0,2,0,38,0,0,0,0,39,0,1,0,0,39,1,0,40,0,0,0,,
REGIÓN DE VALPARAÍSO,VALPARAÍSO,VALPARAÍSO,PLACILLA,21,6,37,1,105,47,58,13,14,73,5,0,4,35,0,34,35,34,35,0,0,0,0,0,0,0,34,0,0,0,0,3,0,30,0,0,1,0,33,0,0,0,0,32,0,1,34,0,0,0,,
REGIÓN DE VALPARAÍSO,VALPARAÍSO,VALPARAÍSO,PLACILLA,21,5,21,1,113,49,64,10,15,76,12,0,4,33,0,32,33,32,33,0,0,0,0,0,0,0,32,0,0,0,0,9,0,23,0,0,0,0,30,0,0,0,0,30,0,0,32,0,0,0,,
REGIÓN DE VALPARAÍSO,VALPARAÍSO,VALPARAÍSO,PLACILLA,21,6,36,1,108,50,58,20,Indeterminado,71,Indeterminado,Indeterminado,Indeterminado,32,0,32,32,32,32,0,0,0,0,0,0,0,32,0,0,0,0,7,0,25,0,0,0,0,32,0,0,0,0,32,0,0,32,0,0,0,,
REGIÓN DE VALPARAÍSO,VALPARAÍSO,VALPARAÍSO,PLACILLA,21,6,35,1,92,46,46,10,10,62,10,Indeterminado,8,29,0,28,29,28,29,0,0,0,0,0,0,0,28,0,0,0,0,0,0,28,0,0,0,0,28,0,0,0,0,28,0,0,28,0,0,0,,
REGIÓN DE VALPARAÍSO,VALPARAÍSO,VALPARAÍSO,PLACILLA,21,4,71,1,31,14,17,Indeterminado,4,24,Indeterminado,Indeterminado,Indeterminado,11,0,9,11,9,10,0,0,0,0,1,0,5,4,0,0,0,0,9,0,0,0,0,0,0,9,0,0,0,0,9,0,0,9,0,0,0,,
REGIÓN DE VALPARAÍSO,VALPARAÍSO,VALPARAÍSO,PLACILLA,21,6,47,1,59,29,30,Indeterminado,9,42,Indeterminado,0,7,21,0,19,21,19,21,0,0,0,0,0,0,1,18,0,0,0,0,0,0,19,0,0,0,0,18,0,1,0,0,18,1,0,19,0,0,0,,
REGIÓN DE VALPARAÍSO,VALPARAÍSO,VALPARAÍSO,PLACILLA,21,6,34,1,88,44,44,5,10,69,4,Indeterminado,Indeterminado,31,0,30,31,30,31,0,0,0,0,0,0,0,30,0,0,0,0,2,0,28,0,0,0,0,30,0,0,0,0,30,0,0,30,0,0,0,,
REGIÓN DE VALPARAÍSO,VALPARAÍSO,VALPARAÍSO,PLACILLA,21,5,25,1,126,57,69,4,12,104,6,0,10,46,0,44,46,44,46,0,0,0,0,0,0,2,42,0,0,0,0,9,0,35,0,0,0,0,43,0,1,0,0,43,1,0,44,0,0,0,,
REGIÓN DE VALPARAÍSO,VALPARAÍSO,VALPARAÍSO,PLACILLA,21,7,1,1,113,52,61,8,6,87,12,Indeterminado,Indeterminado,37,0,33,37,33,37,0,0,0,0,0,0,3,30,0,0,0,0,30,0,3,0,0,0,0,32,0,1,0,0,32,1,0,33,0,0,0,,
REGIÓN DE VALPARAÍSO,VALPARAÍSO,VALPARAÍSO,PLACILLA,21,8,75,1,41,19,22,0,4,33,4,Indeterminado,Indeterminado,18,0,14,18,14,18,0,0,0,0,0,0,1,0,9,3,1,0,0,0,14,0,0,0,0,14,0,0,0,0,10,4,0,14,0,0,0,,
REGIÓN DE VALPARAÍSO,VALPARAÍSO,VALPARAÍSO,PLACILLA,21,5,22,1,81,38,43,8,11,57,5,Indeterminado,0,24,0,23,24,24,24,0,0,0,0,0,0,0,23,0,0,0,0,1,0,22,0,0,0,0,16,0,2,5,0,16,7,0,23,0,0,0,,
REGIÓN DE VALPARAÍSO,VALPARAÍSO,VALPARAÍSO,PLACILLA,21,8,74,1,95,51,44,7,13,70,5,Indeterminado,16,30,0,30,30,32,28,0,0,0,2,0,0,0,3,23,3,1,0,0,0,28,2,0,0,0,26,4,0,0,0,21,9,0,28,2,0,0,,
REGIÓN DE VALPARAÍSO,VALPARAÍSO,VALPARAÍSO,PLACILLA,21,4,72,1,100,48,52,Indeterminado,Indeterminado,80,12,Indeterminado,Indeterminado,31,0,30,31,31,31,0,0,0,0,0,0,20,3,7,0,0,0,30,0,0,0,0,0,0,28,0,2,0,0,28,2,0,30,0,0,0,,
REGIÓN DE VALPARAÍSO,VALPARAÍSO,VALPARAÍSO,PLACILLA,21,5,23,1,81,32,49,5,13,59,4,Indeterminado,4,31,0,29,31,29,31,0,0,0,0,0,0,0,29,0,0,0,0,0,0,29,0,0,0,0,29,0,0,0,0,29,0,0,29,0,0,0,,
REGIÓN DE VALPARAÍSO,VALPARAÍSO,VALPARAÍSO,PLACILLA,21,8,73,1,51,29,22,6,Indeterminado,39,Indeterminado,6,9,18,0,16,18,16,18,0,0,0,0,0,0,0,0,16,0,0,0,1,0,15,0,0,0,0,14,0,0,2,0,14,2,0,16,0,0,0,,
REGIÓN DE VALPARAÍSO,VALPARAÍSO,VALPARAÍSO,PLACILLA,21,5,24,1,114,55,59,7,18,84,5,Indeterminado,5,35,0,35,35,35,35,0,0,0,0,0,0,4,31,0,0,0,0,15,0,20,0,0,0,0,35,0,0,0,0,35,0,0,35,0,0,0,,
REGIÓN DE VALPARAÍSO,VALPARAÍSO,VALPARAÍSO,PLACILLA,21,6,49,1,85,39,46,13,15,57,0,0,Indeterminado,26,0,23,26,23,26,0,0,0,0,0,0,0,23,0,0,0,0,2,1,20,0,0,0,0,23,0,0,0,0,23,0,0,23,0,0,0,,
REGIÓN DE VALPARAÍSO,VALPARAÍSO,VALPARAÍSO,PLACILLA,21,4,73,1,61,25,36,Indeterminado,Indeterminado,49,6,0,Indeterminado,25,0,22,25,22,25,0,0,0,0,0,0,17,4,1,0,0,0,22,0,0,0,0,0,0,22,0,0,0,0,22,0,0,22,0,0,0,,
REGIÓN DE VALPARAÍSO,VALPARAÍSO,VALPARAÍSO,PLACILLA,21,6,59,1,38,20,18,Indeterminado,5,26,Indeterminado,0,4,14,0,13,14,13,14,0,0,0,0,0,0,2,11,0,0,0,0,1,1,11,0,0,0,0,13,0,0,0,0,13,0,0,13,0,0,0,,
REGIÓN DE VALPARAÍSO,VALPARAÍSO,VALPARAÍSO,PLACILLA,21,5,31,1,105,48,57,7,13,77,8,0,12,33,0,31,33,31,33,0,0,0,0,0,0,5,26,0,0,0,0,2,1,28,0,0,0,0,24,0,7,0,0,24,7,0,31,0,0,0,,
REGIÓN DE VALPARAÍSO,VALPARAÍSO,VALPARAÍSO,PLACILLA,21,7,2,1,222,104,118,9,36,158,19,5,18,67,0,66,67,67,67,0,0,0,0,0,0,6,59,1,0,0,0,58,1,7,0,0,0,0,66,0,0,0,0,66,0,0,64,0,1,0,,
REGIÓN DE VALPARAÍSO,VALPARAÍSO,VALPARAÍSO,PLACILLA,21,6,50,1,74,36,38,9,Indeterminado,56,Indeterminado,Indeterminado,Indeterminado,24,0,22,24,22,24,0,0,0,0,0,0,1,21,0,0,0,0,4,0,18,0,0,0,0,20,0,2,0,0,20,2,0,22,0,0,0,,
REGIÓN DE VALPARAÍSO,VALPARAÍSO,VALPARAÍSO,PLACILLA,21,5,32,1,29,13,16,Indeterminado,Indeterminado,22,Indeterminado,0,Indeterminado,10,0,9,10,9,10,0,0,0,0,0,0,0,9,0,0,0,0,0,0,9,0,0,0,0,8,0,1,0,0,8,1,0,9,0,0,0,,
REGIÓN DE VALPARAÍSO,VALPARAÍSO,VALPARAÍSO,PLACILLA,21,4,11,1,9,5,4,0,Indeterminado,4,Indeterminado,0,0,5,0,4,5,4,5,0,0,0,0,0,0,0,2,1,0,1,0,1,0,3,0,0,0,0,4,0,0,0,0,3,1,0,3,1,0,0,,
REGIÓN DE VALPARAÍSO,VALPARAÍSO,VALPARAÍSO,PLACILLA,21,4,7,1,87,42,45,7,13,58,9,0,6,30,0,28,30,29,29,0,0,0,0,0,1,0,5,21,2,0,0,0,0,28,0,0,0,0,25,3,0,0,0,23,5,0,28,0,0,0,,
REGIÓN DE VALPARAÍSO,VALPARAÍSO,VALPARAÍSO,PLACILLA,21,4,6,1,78,37,41,6,11,51,10,Indeterminado,5,23,0,23,23,23,20,0,0,0,3,0,0,1,2,6,10,0,4,0,0,22,0,0,1,0,21,0,0,2,0,8,10,5,23,0,0,0,,
REGIÓN DE VALPARAÍSO,VALPARAÍSO,VALPARAÍSO,PLACILLA,21,4,4,1,43,18,25,4,6,26,7,0,0,14,0,12,14,12,14,0,0,0,0,0,0,2,2,6,1,0,0,1,0,10,0,0,0,0,11,0,0,0,0,10,1,0,11,0,0,0,,
REGIÓN DE VALPARAÍSO,VALPARAÍSO,VALPARAÍSO,PLACILLA,21,8,5,1,19,11,8,Indeterminado,Indeterminado,13,Indeterminado,0,Indeterminado,12,0,11,12,11,10,0,0,0,2,0,0,0,2,5,4,0,0,0,0,11,0,0,0,0,10,0,0,1,0,6,5,0,8,3,0,0,,
REGIÓN DE VALPARAÍSO,VALPARAÍSO,VALPARAÍSO,PLACILLA,21,4,15,1,70,35,35,7,10,46,7,5,Indeterminado,17,0,17,17,20,17,0,0,0,0,0,0,0,5,8,3,1,0,1,0,16,0,0,0,0,16,1,0,0,0,12,5,0,17,0,0,0,,
REGIÓN DE VALPARAÍSO,VALPARAÍSO,VALPARAÍSO,PLACILLA,21,4,5,1,69,29,40,6,11,46,6,Indeterminado,5,27,0,23,27,26,27,0,0,0,0,0,0,1,7,14,1,0,0,2,0,21,0,0,0,0,23,0,0,0,0,22,1,0,23,0,0,0,,
REGIÓN DE VALPARAÍSO,VALPARAÍSO,VALPARAÍSO,PLACILLA,21,4,22,1,79,41,38,Indeterminado,12,58,Indeterminado,0,9,141,0,21,141,21,141,0,0,0,0,0,0,0,2,19,0,0,0,1,0,20,0,0,0,0,19,0,1,1,0,19,2,0,15,0,6,0,,
REGIÓN DE VALPARAÍSO,VALPARAÍSO,VALPARAÍSO,PLACILLA,21,4,13,1,284,135,149,22,36,189,37,6,9,94,0,84,94,85,90,0,0,3,1,0,0,3,17,57,3,3,1,12,0,70,1,0,0,0,82,1,0,1,0,74,8,1,83,0,0,0,,
REGIÓN DE VALPARAÍSO,VALPARAÍSO,VALPARAÍSO,PLACILLA,21,4,14,1,55,26,29,0,8,38,9,0,Indeterminado,17,0,16,17,16,17,0,0,0,0,0,0,1,0,13,2,0,0,1,0,15,0,0,0,0,12,0,4,0,0,10,6,0,15,1,0,0,,
REGIÓN DE VALPARAÍSO,VALPARAÍSO,VALPARAÍSO,PLACILLA,21,4,18,1,29,14,15,Indeterminado,Indeterminado,22,Indeterminado,0,0,10,0,9,10,9,10,0,0,0,0,0,0,1,1,5,2,0,0,0,0,9,0,0,0,0,9,0,0,0,0,7,2,0,9,0,0,0,,
REGIÓN DE VALPARAÍSO,VALPARAÍSO,VALPARAÍSO,PLACILLA,21,8,7,1,48,24,24,7,Indeterminado,35,Indeterminado,0,0,15,0,12,15,12,15,0,0,0,0,0,0,0,1,10,1,0,0,0,0,10,0,0,0,0,12,0,0,0,0,9,1,0,12,0,0,0,,
REGIÓN DE VALPARAÍSO,VALPARAÍSO,VALPARAÍSO,PLACILLA,21,4,26,1,63,31,32,9,8,46,0,Indeterminado,Indeterminado,19,0,19,19,19,19,0,0,0,0,0,0,0,19,0,0,0,0,3,0,16,0,0,0,0,19,0,0,0,0,19,0,0,18,0,0,0,,
REGIÓN DE VALPARAÍSO,VALPARAÍSO,VALPARAÍSO,PLACILLA,21,4,23,1,57,26,31,Indeterminado,8,39,Indeterminado,Indeterminado,Indeterminado,15,0,15,15,15,11,0,0,1,3,0,0,0,2,9,2,2,0,0,0,15,0,0,0,0,15,0,0,0,0,11,4,0,14,0,1,0,,
REGIÓN DE VALPARAÍSO,VALPARAÍSO,VALPARAÍSO,PLACILLA,21,4,24,1,52,25,27,7,Indeterminado,40,Indeterminado,Indeterminado,0,20,0,17,20,17,20,0,0,0,0,0,0,16,1,0,0,0,0,1,0,16,0,0,0,0,17,0,0,0,0,17,0,0,17,0,0,0,,
REGIÓN DE VALPARAÍSO,VALPARAÍSO,VALPARAÍSO,PLACILLA,21,4,27,1,30,18,12,Indeterminado,Indeterminado,22,5,0,Indeterminado,12,0,12,12,12,12,0,0,0,0,0,0,0,12,0,0,0,0,0,0,12,0,0,0,0,12,0,0,0,0,12,0,0,12,0,0,0,,
REGIÓN DE VALPARAÍSO,VALPARAÍSO,VALPARAÍSO,PLACILLA,21,4,25,1,0,0,0,0,0,0,0,0,0,1,0,0,1,0,1,0,0,0,0,0,0,0,0,0,0,0,0,0,0,0,0,0,0,0,0,0,0,0,0,0,0,0,0,0,0,0,,
REGIÓN DE VALPARAÍSO,VALPARAÍSO,VALPARAÍSO,PLACILLA,21,4,31,1,136,59,77,10,24,89,13,6,8,46,0,43,46,43,46,0,0,0,0,0,0,2,36,5,0,0,0,4,0,39,0,0,0,0,43,0,0,0,0,43,0,0,43,0,0,0,,
REGIÓN DE VALPARAÍSO,VALPARAÍSO,VALPARAÍSO,PLACILLA,21,4,28,1,46,24,22,Indeterminado,8,34,Indeterminado,0,6,16,0,15,16,15,16,0,0,0,0,0,0,0,15,0,0,0,0,0,0,15,0,0,0,0,15,0,0,0,0,15,0,0,15,0,0,0,,
REGIÓN DE VALPARAÍSO,VALPARAÍSO,VALPARAÍSO,PLACILLA,21,4,29,1,57,27,30,Indeterminado,7,40,Indeterminado,0,12,22,0,20,22,20,22,0,0,0,0,0,0,1,19,0,0,0,0,0,0,20,0,0,0,0,20,0,0,0,0,20,0,0,20,0,0,0,,
REGIÓN DE VALPARAÍSO,VALPARAÍSO,VALPARAÍSO,PLACILLA,21,8,19,1,39,22,17,Indeterminado,5,30,Indeterminado,Indeterminado,0,14,0,12,14,12,13,0,0,0,1,0,0,1,1,7,1,1,0,2,0,8,0,0,1,0,11,0,0,0,0,8,2,1,11,0,0,0,,
REGIÓN DE VALPARAÍSO,VALPARAÍSO,VALPARAÍSO,PLACILLA,21,8,18,1,152,73,79,13,17,107,15,Indeterminado,13,43,0,43,43,46,42,0,0,1,0,0,0,4,0,33,5,0,0,2,0,39,0,0,1,0,34,1,5,3,0,28,13,0,40,0,0,0,,
REGIÓN DE VALPARAÍSO,VALPARAÍSO,VALPARAÍSO,PLACILLA,21,8,14,1,70,33,37,11,7,39,13,0,19,23,0,22,23,22,23,0,0,0,0,0,0,0,0,7,0,14,0,0,0,20,0,0,1,0,17,2,2,0,0,4,16,1,21,0,0,0,,
REGIÓN DE VALPARAÍSO,VALPARAÍSO,VALPARAÍSO,PLACILLA,21,4,30,1,78,39,39,7,9,54,8,Indeterminado,9,26,0,25,26,25,26,0,0,0,0,0,0,0,25,0,0,0,0,1,0,24,0,0,0,0,24,0,1,0,0,24,1,0,25,0,0,0,,
REGIÓN DE VALPARAÍSO,VALPARAÍSO,VALPARAÍSO,PLACILLA,21,8,13,1,10,6,4,0,Indeterminado,Indeterminado,4,0,4,4,0,4,4,4,4,0,0,0,0,0,0,0,2,2,0,0,0,0,0,4,0,0,0,0,4,0,0,0,0,4,0,0,4,0,0,0,,
REGIÓN DE VALPARAÍSO,VALPARAÍSO,VALPARAÍSO,PLACILLA,21,8,12,1,37,16,21,4,5,23,5,Indeterminado,0,15,0,14,15,14,13,0,0,1,1,0,0,1,1,7,2,2,0,1,0,12,0,0,0,0,12,1,0,0,0,9,4,0,13,0,0,0,,
REGIÓN DE VALPARAÍSO,VALPARAÍSO,VALPARAÍSO,PLACILLA,21,4,32,1,26,12,14,Indeterminado,Indeterminado,14,5,Indeterminado,4,10,0,7,10,7,10,0,0,0,0,0,0,2,4,1,0,0,0,4,1,2,0,0,0,0,7,0,0,0,0,7,0,0,7,0,0,0,,
REGIÓN DE VALPARAÍSO,VALPARAÍSO,VALPARAÍSO,PLACILLA,21,8,15,1,53,25,28,Indeterminado,Indeterminado,35,10,0,Indeterminado,19,0,16,19,16,18,0,0,1,0,0,0,1,3,10,2,0,0,3,0,13,0,0,0,0,12,3,0,0,0,10,5,0,16,0,0,0,,
REGIÓN DE VALPARAÍSO,VALPARAÍSO,VALPARAÍSO,PLACILLA,21,4,33,1,40,18,22,Indeterminado,Indeterminado,29,6,0,0,14,0,12,14,12,14,0,0,0,0,0,0,0,1,5,2,4,0,5,0,7,0,0,0,0,11,0,0,1,0,5,7,0,12,0,0,0,,
REGIÓN DE VALPARAÍSO,VALPARAÍSO,VALPARAÍSO,PLACILLA,21,4,12,1,30,13,17,Indeterminado,Indeterminado,19,6,Indeterminado,0,9,0,9,9,9,9,0,0,0,0,0,0,0,3,3,1,1,1,0,0,9,0,0,0,0,7,0,2,0,0,4,4,1,9,0,0,0,,
REGIÓN DE VALPARAÍSO,VALPARAÍSO,VALPARAÍSO,PLACILLA,21,8,20,1,71,33,38,10,8,45,8,0,6,20,0,20,20,20,20,0,0,0,0,0,0,2,3,12,3,0,0,0,0,20,0,0,0,0,18,0,2,0,0,15,5,0,16,4,0,0,,
REGIÓN DE VALPARAÍSO,VALPARAÍSO,VALPARAÍSO,PLACILLA,21,8,21,1,39,21,18,Indeterminado,Indeterminado,27,5,0,13,11,0,10,11,10,11,0,0,0,0,0,0,1,6,2,1,0,0,0,0,10,0,0,0,0,9,0,0,1,0,8,2,0,10,0,0,0,,
REGIÓN DE VALPARAÍSO,VALPARAÍSO,VALPARAÍSO,PLACILLA,21,8,22,1,11,Indeterminado,Indeterminado,Indeterminado,0,6,Indeterminado,0,0,5,0,4,5,4,5,0,0,0,0,0,0,0,1,0,3,0,0,0,0,4,0,0,0,0,4,0,0,0,0,1,3,0,4,0,0,0,,
REGIÓN DE VALPARAÍSO,VALPARAÍSO,VALPARAÍSO,PLACILLA,21,8,23,1,24,13,11,0,Indeterminado,16,Indeterminado,0,0,7,0,7,7,7,7,0,0,0,0,0,0,1,1,5,0,0,0,0,0,7,0,0,0,0,6,1,0,0,0,6,1,0,7,0,0,0,,
REGIÓN DE VALPARAÍSO,VALPARAÍSO,VALPARAÍSO,PLACILLA,21,8,26,1,11,4,7,Indeterminado,0,7,Indeterminado,0,0,6,0,5,6,5,5,0,0,0,0,0,1,1,0,3,0,1,0,0,0,5,0,0,0,0,5,0,0,0,0,4,1,0,5,0,0,0,,
REGIÓN DE VALPARAÍSO,VALPARAÍSO,VALPARAÍSO,PLACILLA,21,8,27,1,45,20,25,Indeterminado,8,28,Indeterminado,0,Indeterminado,13,0,11,13,11,11,0,0,0,2,0,0,0,3,4,1,3,0,0,0,11,0,0,0,0,11,0,0,0,0,7,4,0,11,0,0,0,,
REGIÓN DE VALPARAÍSO,VALPARAÍSO,VALPARAÍSO,PLACILLA,21,4,41,1,70,28,42,Indeterminado,Indeterminado,47,15,4,Indeterminado,26,0,24,26,25,25,0,0,0,0,0,1,1,3,12,5,3,0,5,0,19,0,0,0,0,23,0,1,0,0,15,9,0,24,0,0,0,,
REGIÓN DE VALPARAÍSO,VALPARAÍSO,VALPARAÍSO,PLACILLA,21,4,40,1,72,30,42,Indeterminado,Indeterminado,57,7,0,Indeterminado,20,0,17,20,17,20,0,0,0,0,0,0,4,2,10,1,0,0,1,1,15,0,0,0,0,9,1,7,0,0,8,9,0,15,0,0,0,,
REGIÓN DE VALPARAÍSO,VALPARAÍSO,VALPARAÍSO,PLACILLA,21,4,36,1,44,23,21,Indeterminado,Indeterminado,31,8,5,0,15,0,13,15,13,15,0,0,0,0,0,0,0,3,8,2,0,0,0,0,13,0,0,0,0,12,1,0,0,0,10,3,0,13,0,0,0,,
REGIÓN DE VALPARAÍSO,VALPARAÍSO,VALPARAÍSO,PLACILLA,21,8,35,1,24,13,11,0,Indeterminado,17,Indeterminado,Indeterminado,Indeterminado,10,0,9,10,9,10,0,0,0,0,0,0,0,8,1,0,0,0,1,0,8,0,0,0,0,8,0,1,0,0,8,1,0,9,0,0,0,,
REGIÓN DE VALPARAÍSO,VALPARAÍSO,VALPARAÍSO,PLACILLA,21,8,34,1,34,15,19,Indeterminado,Indeterminado,25,5,4,0,11,0,10,11,10,11,0,0,0,0,0,0,0,5,5,0,0,0,5,0,5,0,0,0,0,10,0,0,0,0,10,0,0,10,0,0,0,,
REGIÓN DE VALPARAÍSO,VALPARAÍSO,VALPARAÍSO,PLACILLA,21,8,33,1,29,12,17,Indeterminado,Indeterminado,21,Indeterminado,0,Indeterminado,14,0,11,14,11,12,0,0,0,0,0,2,1,2,8,0,0,0,4,0,7,0,0,0,0,11,0,0,0,0,11,0,0,10,0,1,0,,
REGIÓN DE VALPARAÍSO,VALPARAÍSO,VALPARAÍSO,PLACILLA,21,8,30,1,16,9,7,0,Indeterminado,10,Indeterminado,Indeterminado,0,6,0,6,6,6,6,0,0,0,0,0,0,0,0,4,0,2,0,0,0,6,0,0,0,0,5,0,0,1,0,4,2,0,6,0,0,0,,
REGIÓN DE VALPARAÍSO,VALPARAÍSO,VALPARAÍSO,PLACILLA,21,3,14,1,134,74,60,7,11,100,16,23,Indeterminado,44,0,38,44,42,41,0,0,2,1,0,0,0,6,25,7,0,0,3,0,35,0,0,0,0,32,3,2,1,0,28,10,0,37,1,0,0,,
REGIÓN DE VALPARAÍSO,VALPARAÍSO,VALPARAÍSO,PLACILLA,21,4,42,1,117,56,61,Indeterminado,Indeterminado,81,26,Indeterminado,12,40,0,36,40,36,40,0,0,0,0,0,0,2,9,23,1,1,0,4,0,32,0,0,0,0,34,0,2,0,0,32,4,0,36,0,0,0,,
REGIÓN DE VALPARAÍSO,VALPARAÍSO,VALPARAÍSO,PLACILLA,21,4,43,1,9,4,5,0,0,Indeterminado,Indeterminado,0,Indeterminado,6,0,5,6,5,6,0,0,0,0,0,0,1,0,4,0,0,0,0,0,5,0,0,0,0,4,0,1,0,0,4,1,0,5,0,0,0,,
REGIÓN DE VALPARAÍSO,VALPARAÍSO,VALPARAÍSO,PLACILLA,21,4,44,1,10,Indeterminado,Indeterminado,Indeterminado,Indeterminado,8,0,0,Indeterminado,5,0,4,5,4,5,0,0,0,0,0,0,1,0,3,0,0,0,1,0,2,0,0,0,0,4,0,0,0,0,3,0,0,4,0,0,0,,
REGIÓN DE VALPARAÍSO,VALPARAÍSO,VALPARAÍSO,PLACILLA,21,4,47,1,78,30,48,Indeterminado,Indeterminado,51,15,0,Indeterminado,24,0,24,24,24,24,0,0,0,0,0,0,3,5,12,2,2,0,3,0,21,0,0,0,0,23,0,1,0,0,19,5,0,24,0,0,0,,
REGIÓN DE VALPARAÍSO,VALPARAÍSO,VALPARAÍSO,PLACILLA,21,8,36,1,60,28,32,6,7,39,8,Indeterminado,Indeterminado,22,0,20,22,20,22,0,0,0,0,0,0,12,0,8,0,0,0,19,0,0,0,0,0,0,19,0,0,0,0,18,0,0,20,0,0,0,,
REGIÓN DE VALPARAÍSO,VALPARAÍSO,VALPARAÍSO,PLACILLA,21,8,37,1,50,19,31,Indeterminado,Indeterminado,36,7,Indeterminado,Indeterminado,16,0,14,16,14,12,0,0,3,1,0,0,0,2,11,1,0,0,2,0,12,0,0,0,0,14,0,0,0,0,13,1,0,14,0,0,0,,
REGIÓN DE VALPARAÍSO,VALPARAÍSO,VALPARAÍSO,PLACILLA,21,8,39,1,0,0,0,0,0,0,0,0,0,1,0,0,1,0,1,0,0,0,0,0,0,0,0,0,0,0,0,0,0,0,0,0,0,0,0,0,0,0,0,0,0,0,0,0,0,0,,
REGIÓN DE VALPARAÍSO,VALPARAÍSO,VALPARAÍSO,PLACILLA,21,8,40,1,21,11,10,Indeterminado,4,15,Indeterminado,0,0,5,0,5,5,5,5,0,0,0,0,0,0,0,0,4,1,0,0,1,0,4,0,0,0,0,5,0,0,0,0,4,1,0,5,0,0,0,,
REGIÓN DE VALPARAÍSO,VALPARAÍSO,VALPARAÍSO,PLACILLA,21,8,41,1,25,11,14,Indeterminado,0,13,Indeterminado,Indeterminado,Indeterminado,10,0,10,10,10,9,0,0,0,0,0,1,0,2,7,1,0,0,0,0,10,0,0,0,0,9,0,0,1,0,8,2,0,10,0,0,0,,
REGIÓN DE VALPARAÍSO,VALPARAÍSO,VALPARAÍSO,PLACILLA,21,3,12,1,71,36,35,6,5,49,11,Indeterminado,15,27,0,21,27,22,25,0,0,0,2,0,0,0,9,6,5,0,1,11,0,10,0,0,0,0,19,0,2,0,0,14,6,1,20,0,0,0,,
REGIÓN DE VALPARAÍSO,VALPARAÍSO,VALPARAÍSO,PLACILLA,21,3,27,1,13,7,6,0,Indeterminado,9,Indeterminado,0,4,5,0,5,5,5,5,0,0,0,0,0,0,0,1,4,0,0,0,1,0,4,0,0,0,0,5,0,0,0,0,5,0,0,5,0,0,0,,
REGIÓN DE VALPARAÍSO,VALPARAÍSO,VALPARAÍSO,PLACILLA,21,3,16,1,47,22,25,Indeterminado,Indeterminado,29,8,0,Indeterminado,14,0,14,14,14,12,0,0,0,2,0,0,1,2,4,7,0,0,0,0,14,0,0,0,0,13,0,0,1,0,7,7,0,14,0,0,0,,
REGIÓN DE VALPARAÍSO,VALPARAÍSO,VALPARAÍSO,PLACILLA,21,4,53,1,102,50,52,10,14,58,20,Indeterminado,4,32,0,32,32,32,32,0,0,0,0,0,0,3,7,20,1,0,1,3,0,29,0,0,0,0,26,0,6,0,0,24,7,1,32,0,0,0,,
REGIÓN DE VALPARAÍSO,VALPARAÍSO,VALPARAÍSO,PLACILLA,21,4,52,1,25,12,13,4,Indeterminado,15,Indeterminado,Indeterminado,Indeterminado,8,0,7,8,10,8,0,0,0,0,0,0,1,0,2,3,1,0,0,0,7,0,0,0,0,7,0,0,0,0,3,4,0,7,0,0,0,,
REGIÓN DE VALPARAÍSO,VALPARAÍSO,VALPARAÍSO,PLACILLA,21,8,42,1,79,40,39,5,4,52,18,Indeterminado,Indeterminado,23,0,23,23,23,23,0,0,0,0,0,0,0,1,22,0,0,0,0,0,23,0,0,0,0,23,0,0,0,0,23,0,0,23,0,0,0,,
REGIÓN DE VALPARAÍSO,VALPARAÍSO,VALPARAÍSO,PLACILLA,21,4,51,1,53,31,22,Indeterminado,Indeterminado,36,11,Indeterminado,4,17,0,17,17,17,17,0,0,0,0,0,0,0,8,4,2,3,0,3,0,14,0,0,0,0,15,0,1,1,0,11,6,0,16,1,0,0,,
REGIÓN DE VALPARAÍSO,VALPARAÍSO,VALPARAÍSO,PLACILLA,21,4,50,1,16,9,7,0,0,Indeterminado,Indeterminado,0,Indeterminado,5,0,5,5,5,5,0,0,0,0,0,0,0,1,3,1,0,0,0,0,5,0,0,0,0,4,0,1,0,0,4,1,0,5,0,0,0,,
REGIÓN DE VALPARAÍSO,VALPARAÍSO,VALPARAÍSO,PLACILLA,21,8,45,1,70,31,39,5,7,36,22,Indeterminado,Indeterminado,27,0,25,27,25,27,0,0,0,0,0,0,2,1,11,11,0,0,0,0,24,0,0,1,0,21,0,0,1,0,11,10,1,23,0,0,2,,
REGIÓN DE VALPARAÍSO,VALPARAÍSO,VALPARAÍSO,PLACILLA,21,3,18,1,32,15,17,Indeterminado,5,24,Indeterminado,Indeterminado,0,10,0,10,10,10,10,0,0,0,0,0,0,1,3,6,0,0,0,2,0,8,0,0,0,0,10,0,0,0,0,10,0,0,10,0,0,0,,
REGIÓN DE VALPARAÍSO,VALPARAÍSO,VALPARAÍSO,PLACILLA,21,4,48,1,114,58,56,9,11,81,13,0,12,38,0,35,38,35,36,0,0,0,2,0,0,3,7,22,3,0,0,5,0,30,0,0,0,0,35,0,0,0,0,32,3,0,35,0,0,0,,
REGIÓN DE VALPARAÍSO,VALPARAÍSO,VALPARAÍSO,PLACILLA,21,6,39,1,90,46,44,9,14,62,5,Indeterminado,4,32,0,29,32,29,32,0,0,0,0,0,0,0,29,0,0,0,0,8,0,20,0,0,1,0,28,0,0,0,0,27,0,1,29,0,0,0,,
REGIÓN DE VALPARAÍSO,VALPARAÍSO,VALPARAÍSO,PLACILLA,21,6,51,1,62,33,29,10,11,41,0,0,0,22,0,20,22,20,22,0,0,0,0,0,0,1,19,0,0,0,0,4,1,15,0,0,0,0,20,0,0,0,0,20,0,0,20,0,0,0,,
REGIÓN DE VALPARAÍSO,VALPARAÍSO,VALPARAÍSO,PLACILLA,21,6,60,1,28,13,15,0,Indeterminado,Indeterminado,0,Indeterminado,Indeterminado,10,0,10,10,10,10,0,0,0,0,0,0,0,10,0,0,0,0,0,1,9,0,0,0,0,10,0,0,0,0,10,0,0,10,0,0,0,,
REGIÓN DE VALPARAÍSO,VALPARAÍSO,VALPARAÍSO,PLACILLA,21,5,33,1,45,17,28,Indeterminado,8,33,Indeterminado,0,5,12,0,12,12,12,12,0,0,0,0,0,0,3,9,0,0,0,0,2,0,10,0,0,0,0,12,0,0,0,0,12,0,0,12,0,0,0,,
REGIÓN DE VALPARAÍSO,VALPARAÍSO,VALPARAÍSO,PLACILLA,21,7,12,1,220,99,121,16,29,157,18,6,17,73,0,71,73,71,73,0,0,0,0,0,0,9,62,0,0,0,0,66,1,4,0,0,0,0,71,0,0,0,0,71,0,0,71,0,0,0,,
REGIÓN DE VALPARAÍSO,VALPARAÍSO,VALPARAÍSO,PLACILLA,21,5,34,1,59,29,30,6,8,41,4,0,5,18,0,18,18,20,18,0,0,0,0,0,0,0,18,0,0,0,0,0,0,18,0,0,0,0,18,0,0,0,0,18,0,0,18,0,0,0,,
REGIÓN DE VALPARAÍSO,VALPARAÍSO,VALPARAÍSO,PLACILLA,21,6,52,1,25,13,12,Indeterminado,Indeterminado,19,0,Indeterminado,0,10,0,10,10,10,10,0,0,0,0,0,0,0,10,0,0,0,0,0,0,10,0,0,0,0,10,0,0,0,0,10,0,0,10,0,0,0,,
REGIÓN DE VALPARAÍSO,VALPARAÍSO,VALPARAÍSO,PLACILLA,21,6,61,1,40,19,21,Indeterminado,Indeterminado,28,7,0,Indeterminado,14,0,13,14,13,14,0,0,0,0,0,0,1,12,0,0,0,0,3,0,10,0,0,0,0,13,0,0,0,0,13,0,0,13,0,0,0,,
REGIÓN DE VALPARAÍSO,VALPARAÍSO,VALPARAÍSO,PLACILLA,21,6,53,1,30,12,18,Indeterminado,Indeterminado,Indeterminado,Indeterminado,0,Indeterminado,12,0,10,12,10,12,0,0,0,0,0,0,2,8,0,0,0,0,0,0,10,0,0,0,0,10,0,0,0,0,10,0,0,10,0,0,0,,
REGIÓN DE VALPARAÍSO,VALPARAÍSO,VALPARAÍSO,PLACILLA,21,8,76,1,47,24,23,Indeterminado,Indeterminado,38,Indeterminado,0,Indeterminado,17,0,16,17,16,15,0,0,0,2,0,0,0,0,14,2,0,0,0,0,16,0,0,0,0,16,0,0,0,0,14,2,0,15,1,0,0,,
REGIÓN DE VALPARAÍSO,VALPARAÍSO,VALPARAÍSO,PLACILLA,21,6,54,1,31,14,17,5,Indeterminado,21,Indeterminado,0,0,8,0,8,8,8,8,0,0,0,0,0,0,1,7,0,0,0,0,0,0,8,0,0,0,0,7,0,1,0,0,7,1,0,8,0,0,0,,
REGIÓN DE VALPARAÍSO,VALPARAÍSO,VALPARAÍSO,PLACILLA,21,5,26,1,72,34,38,6,9,46,11,0,11,26,0,25,26,26,26,0,0,0,0,0,0,0,25,0,0,0,0,18,0,7,0,0,0,0,24,0,1,0,0,24,1,0,25,0,0,0,,
REGIÓN DE VALPARAÍSO,VALPARAÍSO,VALPARAÍSO,PLACILLA,21,4,75,1,68,30,38,Indeterminado,Indeterminado,47,14,Indeterminado,0,27,0,25,27,25,27,0,0,0,0,0,0,12,11,2,0,0,0,23,0,2,0,0,0,0,24,0,1,0,0,24,1,0,25,0,0,0,,
REGIÓN DE VALPARAÍSO,VALPARAÍSO,VALPARAÍSO,PLACILLA,21,5,35,1,44,21,23,Indeterminado,Indeterminado,31,7,0,0,14,0,13,14,13,14,0,0,0,0,0,0,0,12,0,1,0,0,2,0,11,0,0,0,0,12,0,1,0,0,11,2,0,13,0,0,0,,
REGIÓN DE VALPARAÍSO,VALPARAÍSO,VALPARAÍSO,PLACILLA,21,5,30,1,54,22,32,Indeterminado,Indeterminado,43,6,0,4,18,0,18,18,18,18,0,0,0,0,0,0,1,17,0,0,0,0,0,0,18,0,0,0,0,18,0,0,0,0,18,0,0,18,0,0,0,,
REGIÓN DE VALPARAÍSO,VALPARAÍSO,VALPARAÍSO,PLACILLA,21,8,77,1,86,44,42,7,6,58,15,Indeterminado,Indeterminado,25,0,25,25,25,25,0,0,0,0,0,0,0,4,19,1,0,0,1,0,22,0,0,0,0,24,0,0,0,0,22,1,0,17,6,1,0,,
REGIÓN DE VALPARAÍSO,VALPARAÍSO,VALPARAÍSO,PLACILLA,21,5,27,1,209,100,109,21,28,150,10,Indeterminado,Indeterminado,65,0,63,65,63,65,0,0,0,0,0,0,5,57,1,0,0,0,48,0,14,0,0,0,0,61,0,1,0,0,61,1,0,62,0,0,0,,
REGIÓN DE VALPARAÍSO,VALPARAÍSO,VALPARAÍSO,PLACILLA,21,8,78,1,172,94,78,14,16,120,22,0,9,70,0,61,70,61,64,0,0,1,3,0,2,1,1,50,8,0,1,2,0,58,1,0,0,0,59,2,0,0,0,51,9,1,61,0,0,0,,
REGIÓN DE VALPARAÍSO,VALPARAÍSO,VALPARAÍSO,PLACILLA,21,5,28,1,133,60,73,8,19,96,10,0,14,45,0,38,45,38,45,0,0,0,0,0,0,5,33,0,0,0,0,38,0,0,0,0,0,0,37,0,0,0,0,37,0,0,38,0,0,0,,
REGIÓN DE VALPARAÍSO,VALPARAÍSO,VALPARAÍSO,PLACILLA,21,4,74,1,53,22,31,0,14,30,9,0,0,14,0,13,14,13,14,0,0,0,0,0,0,9,4,0,0,0,0,13,0,0,0,0,0,0,13,0,0,0,0,13,0,0,13,0,0,0,,
REGIÓN DE VALPARAÍSO,VALPARAÍSO,VALPARAÍSO,PLACILLA,21,7,3,1,97,47,50,5,9,70,13,5,5,32,0,30,32,30,32,0,0,0,0,0,0,16,12,2,0,0,0,30,0,0,0,0,0,0,30,0,0,0,0,30,0,0,30,0,0,0,,
REGIÓN DE VALPARAÍSO,VALPARAÍSO,VALPARAÍSO,PLACILLA,21,7,24,1,253,114,139,30,36,163,24,4,5,86,0,81,86,82,86,0,0,0,0,0,0,9,72,0,0,0,0,80,1,0,0,0,0,0,80,0,0,0,0,80,0,0,81,0,0,0,,
REGIÓN DE VALPARAÍSO,VALPARAÍSO,VALPARAÍSO,PLACILLA,21,5,29,1,258,110,148,13,42,183,20,Indeterminado,18,80,0,77,80,77,80,0,0,0,0,0,0,21,56,0,0,0,0,77,0,0,0,0,0,0,77,0,0,0,0,77,0,0,77,0,0,0,,
REGIÓN DE VALPARAÍSO,VALPARAÍSO,VALPARAÍSO,PLACILLA,21,7,4,1,91,42,49,Indeterminado,Indeterminado,65,16,0,5,33,0,30,33,31,33,0,0,0,0,0,0,13,6,11,0,0,0,28,0,2,0,0,0,0,28,0,1,1,0,28,2,0,30,0,0,0,,
REGIÓN DE VALPARAÍSO,VALPARAÍSO,VALPARAÍSO,PLACILLA,21,5,37,1,62,27,35,Indeterminado,15,40,Indeterminado,6,8,18,0,18,18,18,18,0,0,0,0,0,0,0,18,0,0,0,0,18,0,0,0,0,0,0,18,0,0,0,0,18,0,0,18,0,0,0,,
REGIÓN DE VALPARAÍSO,VALPARAÍSO,VALPARAÍSO,PLACILLA,21,2,3,1,276,140,136,22,42,198,14,Indeterminado,17,87,0,81,87,81,85,0,0,0,2,0,0,37,32,11,1,0,0,42,4,35,0,0,0,0,79,0,1,0,0,78,2,0,78,2,1,0,,
REGIÓN DE VALPARAÍSO,VALPARAÍSO,VALPARAÍSO,PLACILLA,21,7,5,1,78,41,37,6,4,53,15,Indeterminado,8,28,0,28,28,29,28,0,0,0,0,0,0,15,10,3,0,0,0,27,0,1,0,0,0,0,26,0,1,1,0,26,2,0,28,0,0,0,,
REGIÓN DE VALPARAÍSO,VALPARAÍSO,VALPARAÍSO,PLACILLA,21,7,13,1,57,33,24,8,Indeterminado,39,Indeterminado,0,4,14,0,14,14,14,14,0,0,0,0,0,0,0,14,0,0,0,0,14,0,0,0,0,0,0,14,0,0,0,0,14,0,0,14,0,0,0,,
REGIÓN DE VALPARAÍSO,VALPARAÍSO,VALPARAÍSO,PLACILLA,21,2,4,1,63,31,32,Indeterminado,Indeterminado,41,11,Indeterminado,6,21,0,19,21,19,21,0,0,0,0,0,0,7,9,3,0,0,0,18,0,1,0,0,0,0,19,0,0,0,0,19,0,0,19,0,0,0,,
REGIÓN DE VALPARAÍSO,VALPARAÍSO,VALPARAÍSO,PLACILLA,21,7,6,1,103,57,46,6,6,80,11,Indeterminado,7,32,0,32,32,32,32,0,0,0,0,0,0,18,13,1,0,0,0,31,1,0,0,0,0,0,32,0,0,0,0,32,0,0,32,0,0,0,,
REGIÓN DE VALPARAÍSO,VALPARAÍSO,VALPARAÍSO,PLACILLA,21,7,21,1,696,323,373,49,105,494,48,13,33,227,0,210,227,210,227,0,0,0,0,0,0,42,167,1,0,0,0,160,0,48,0,0,1,0,205,1,4,0,0,204,4,1,210,0,0,0,,
REGIÓN DE VALPARAÍSO,VALPARAÍSO,VALPARAÍSO,PLACILLA,21,7,23,1,57,25,32,Indeterminado,11,40,Indeterminado,Indeterminado,0,16,0,16,16,17,16,0,0,0,0,0,0,1,15,0,0,0,0,12,0,3,0,0,1,0,16,0,0,0,0,15,0,1,16,0,0,0,,
REGIÓN DE VALPARAÍSO,VALPARAÍSO,VALPARAÍSO,PLACILLA,21,2,7,1,58,24,34,Indeterminado,6,45,Indeterminado,Indeterminado,0,17,0,17,17,17,17,0,0,0,0,0,0,14,3,0,0,0,0,17,0,0,0,0,0,0,17,0,0,0,0,17,0,0,17,0,0,0,,
REGIÓN DE VALPARAÍSO,VALPARAÍSO,VALPARAÍSO,PLACILLA,21,7,7,1,90,44,46,Indeterminado,12,72,Indeterminado,Indeterminado,5,29,0,26,29,26,29,0,0,0,0,0,0,15,8,3,0,0,0,25,0,1,0,0,0,0,26,0,0,0,0,26,0,0,26,0,0,0,,
REGIÓN DE VALPARAÍSO,VALPARAÍSO,VALPARAÍSO,PLACILLA,21,8,79,1,27,13,14,Indeterminado,4,19,Indeterminado,Indeterminado,0,8,0,8,8,8,8,0,0,0,0,0,0,0,8,0,0,0,0,0,0,8,0,0,0,0,8,0,0,0,0,8,0,0,8,0,0,0,,
REGIÓN DE VALPARAÍSO,VALPARAÍSO,VALPARAÍSO,PLACILLA,21,8,80,1,68,31,37,8,Indeterminado,52,Indeterminado,Indeterminado,5,20,0,20,20,20,20,0,0,0,0,0,0,1,19,0,0,0,0,17,0,3,0,0,0,0,20,0,0,0,0,20,0,0,20,0,0,0,,
REGIÓN DE VALPARAÍSO,VALPARAÍSO,VALPARAÍSO,PLACILLA,21,8,81,1,88,45,43,10,9,63,6,Indeterminado,5,26,0,25,26,25,26,0,0,0,0,0,0,6,19,0,0,0,0,4,0,19,0,0,0,0,25,0,0,0,0,23,0,0,25,0,0,0,,
REGIÓN DE VALPARAÍSO,VALPARAÍSO,VALPARAÍSO,PLACILLA,21,7,10,1,75,35,40,6,13,48,8,Indeterminado,0,29,0,25,29,25,29,0,0,0,0,0,0,2,23,0,0,0,0,24,0,1,0,0,0,0,25,0,0,0,0,25,0,0,25,0,0,0,,
REGIÓN DE VALPARAÍSO,VALPARAÍSO,VALPARAÍSO,PLACILLA,21,2,8,1,41,23,18,Indeterminado,Indeterminado,34,4,0,Indeterminado,15,0,14,15,14,15,0,0,0,0,0,0,5,9,0,0,0,0,13,0,1,0,0,0,0,14,0,0,0,0,14,0,0,14,0,0,0,,
REGIÓN DE VALPARAÍSO,VALPARAÍSO,VALPARAÍSO,PLACILLA,21,7,11,1,49,25,24,0,Indeterminado,38,Indeterminado,Indeterminado,Indeterminado,20,0,18,20,18,20,0,0,0,0,0,0,0,18,0,0,0,0,17,0,1,0,0,0,0,18,0,0,0,0,18,0,0,18,0,0,0,,
REGIÓN DE VALPARAÍSO,VALPARAÍSO,VALPARAÍSO,PLACILLA,21,8,82,1,115,48,67,21,14,76,4,Indeterminado,Indeterminado,34,0,32,34,32,34,0,0,0,0,0,0,0,32,0,0,0,0,0,0,32,0,0,0,0,32,0,0,0,0,32,0,0,32,0,0,0,,
REGIÓN DE VALPARAÍSO,VALPARAÍSO,VALPARAÍSO,PLACILLA,21,7,8,1,549,249,300,33,105,376,35,8,16,156,0,149,156,149,156,0,0,0,0,0,0,90,59,0,0,0,0,147,2,0,0,0,0,0,149,0,0,0,0,149,0,0,149,0,0,0,,
REGIÓN DE VALPARAÍSO,VALPARAÍSO,VALPARAÍSO,PLACILLA,21,7,15,1,73,27,46,7,14,45,7,Indeterminado,Indeterminado,22,0,22,22,22,22,0,0,0,0,0,0,2,20,0,0,0,0,22,0,0,0,0,0,0,22,0,0,0,0,22,0,0,22,0,0,0,,
REGIÓN DE VALPARAÍSO,VALPARAÍSO,VALPARAÍSO,PLACILLA,21,8,83,1,128,56,72,17,Indeterminado,94,Indeterminado,4,12,36,0,35,36,35,36,0,0,0,0,0,0,0,35,0,0,0,0,0,0,35,0,0,0,0,16,0,19,0,0,16,19,0,35,0,0,0,,
REGIÓN DE VALPARAÍSO,VALPARAÍSO,VALPARAÍSO,PLACILLA,21,2,5,1,118,58,60,9,18,80,11,Indeterminado,13,32,0,31,32,31,32,0,0,0,0,0,0,8,21,2,0,0,0,30,1,0,0,0,0,0,30,0,1,0,0,30,1,0,31,0,0,0,,
REGIÓN DE VALPARAÍSO,VALPARAÍSO,VALPARAÍSO,PLACILLA,21,7,22,1,103,49,54,5,22,65,11,5,4,31,0,29,31,29,31,0,0,0,0,0,0,0,29,0,0,0,0,2,0,27,0,0,0,0,29,0,0,0,0,29,0,0,29,0,0,0,,
REGIÓN DE VALPARAÍSO,VALPARAÍSO,VALPARAÍSO,PLACILLA,21,2,6,1,81,38,43,Indeterminado,11,60,Indeterminado,Indeterminado,10,31,0,29,31,29,31,0,0,0,0,0,0,18,9,2,0,0,0,26,0,3,0,0,0,0,29,0,0,0,0,29,0,0,29,0,0,0,,
REGIÓN DE VALPARAÍSO,VALPARAÍSO,VALPARAÍSO,PLACILLA,21,2,9,1,97,43,54,8,13,70,6,0,6,29,0,28,29,28,29,0,0,0,0,0,0,24,3,0,0,0,1,24,0,4,0,0,0,0,27,0,1,0,0,26,1,1,28,0,0,0,,
REGIÓN DE VALPARAÍSO,VALPARAÍSO,VALPARAÍSO,PLACILLA,21,2,10,1,121,57,64,6,14,90,11,4,Indeterminado,37,0,36,37,36,37,0,0,0,0,0,0,27,9,0,0,0,0,34,1,1,0,0,0,0,36,0,0,0,0,36,0,0,36,0,0,0,,
REGIÓN DE VALPARAÍSO,VALPARAÍSO,VALPARAÍSO,PLACILLA,21,2,13,1,291,141,150,14,38,203,36,5,27,89,0,85,89,86,89,0,0,0,0,0,0,31,52,1,1,0,0,83,1,1,0,0,0,0,83,0,2,0,0,82,3,0,84,0,0,0,,
REGIÓN DE VALPARAÍSO,VALPARAÍSO,VALPARAÍSO,PLACILLA,21,7,9,1,594,285,309,63,61,433,37,48,27,294,0,245,294,248,12,282,0,0,0,0,0,237,4,0,0,0,0,79,148,13,0,0,0,0,240,0,0,0,0,237,0,0,241,0,0,0,,
REGIÓN DE VALPARAÍSO,VALPARAÍSO,VALPARAÍSO,PLACILLA,21,2,11,1,394,185,209,32,46,296,20,4,18,116,0,114,116,114,116,0,0,0,0,0,0,59,54,1,0,0,0,114,0,0,0,0,0,0,110,0,3,0,0,110,3,0,114,0,0,0,,
REGIÓN DE VALPARAÍSO,VALPARAÍSO,VALPARAÍSO,PLACILLA,21,7,20,1,44,18,26,4,8,25,7,0,Indeterminado,15,0,15,15,15,15,0,0,0,0,0,0,14,0,1,0,0,0,15,0,0,0,0,0,0,15,0,0,0,0,15,0,0,15,0,0,0,,
REGIÓN DE VALPARAÍSO,VALPARAÍSO,VALPARAÍSO,PLACILLA,21,7,19,1,37,16,21,Indeterminado,Indeterminado,26,7,0,Indeterminado,12,0,12,12,12,12,0,0,0,0,0,0,10,0,2,0,0,0,12,0,0,0,0,0,0,12,0,0,0,0,12,0,0,12,0,0,0,,
REGIÓN DE VALPARAÍSO,VALPARAÍSO,VALPARAÍSO,PLACILLA,21,2,14,1,83,41,42,Indeterminado,17,57,Indeterminado,6,10,29,0,28,29,28,29,0,0,0,0,0,0,4,24,0,0,0,0,28,0,0,0,0,0,0,28,0,0,0,0,28,0,0,28,0,0,0,,
REGIÓN DE VALPARAÍSO,VALPARAÍSO,VALPARAÍSO,PLACILLA,21,1,11,1,88,40,48,8,13,54,13,0,13,27,0,25,27,25,27,0,0,0,0,0,0,7,18,0,0,0,0,25,0,0,0,0,0,0,25,0,0,0,0,25,0,0,25,0,0,0,,
REGIÓN DE VALPARAÍSO,VALPARAÍSO,VALPARAÍSO,PLACILLA,21,2,15,1,61,26,35,5,8,42,6,Indeterminado,6,17,0,17,17,17,17,0,0,0,0,0,0,7,10,0,0,0,0,17,0,0,0,0,0,0,17,0,0,0,0,17,0,0,17,0,0,0,,
REGIÓN DE VALPARAÍSO,VALPARAÍSO,VALPARAÍSO,PLACILLA,21,1,6,1,67,31,36,11,Indeterminado,45,Indeterminado,0,Indeterminado,21,0,20,21,21,21,0,0,0,0,0,0,0,20,0,0,0,0,20,0,0,0,0,0,0,20,0,0,0,0,20,0,0,20,0,0,0,,
REGIÓN DE VALPARAÍSO,VALPARAÍSO,VALPARAÍSO,PLACILLA,21,2,16,1,51,20,31,Indeterminado,8,35,Indeterminado,0,0,15,0,15,15,15,15,0,0,0,0,0,0,6,9,0,0,0,0,14,0,1,0,0,0,0,14,0,1,0,0,14,1,0,15,0,0,0,,
REGIÓN DE VALPARAÍSO,VALPARAÍSO,VALPARAÍSO,PLACILLA,21,2,19,1,21,10,11,Indeterminado,Indeterminado,12,6,0,0,6,0,5,6,5,6,0,0,0,0,0,0,0,1,4,0,0,0,0,0,5,0,0,0,0,5,0,0,0,0,5,0,0,0,5,0,0,,
REGIÓN DE VALPARAÍSO,VALPARAÍSO,VALPARAÍSO,PLACILLA,21,1,23,1,86,36,50,5,14,61,6,0,Indeterminado,25,0,23,25,23,25,0,0,0,0,0,0,17,6,0,0,0,0,23,0,0,0,0,0,0,23,0,0,0,0,23,0,0,23,0,0,0,,
REGIÓN DE VALPARAÍSO,VALPARAÍSO,VALPARAÍSO,PLACILLA,21,1,32,1,434,213,221,27,47,335,25,16,37,254,0,193,254,199,15,239,0,0,0,0,0,179,12,0,0,0,0,128,44,19,0,0,0,0,191,0,0,0,0,191,0,0,192,0,0,0,,
REGIÓN DE VALPARAÍSO,VALPARAÍSO,VALPARAÍSO,PLACILLA,21,1,29,1,91,42,49,14,Indeterminado,64,Indeterminado,5,Indeterminado,26,0,25,26,25,26,0,0,0,0,0,0,0,25,0,0,0,0,25,0,0,0,0,0,0,25,0,0,0,0,25,0,0,25,0,0,0,,
REGIÓN DE VALPARAÍSO,VALPARAÍSO,VALPARAÍSO,PLACILLA,21,1,31,1,29,15,14,Indeterminado,Indeterminado,21,0,0,0,8,0,8,8,11,8,0,0,0,0,0,0,1,7,0,0,0,0,8,0,0,0,0,0,0,8,0,0,0,0,8,0,0,8,0,0,0,,
REGIÓN DE VALPARAÍSO,VALPARAÍSO,VALPARAÍSO,PLACILLA,21,1,30,1,70,37,33,14,Indeterminado,44,Indeterminado,Indeterminado,4,21,0,20,21,20,21,0,0,0,0,0,0,2,18,0,0,0,0,19,0,1,0,0,0,0,20,0,0,0,0,20,0,0,20,0,0,0,,
REGIÓN DE VALPARAÍSO,VALPARAÍSO,VALPARAÍSO,PLACILLA,21,6,57,1,25,11,14,4,Indeterminado,16,Indeterminado,Indeterminado,5,8,0,7,8,8,8,0,0,0,0,0,0,1,6,0,0,0,0,1,0,6,0,0,0,0,7,0,0,0,0,7,0,0,7,0,0,0,,
REGIÓN DE VALPARAÍSO,VALPARAÍSO,VALPARAÍSO,PLACILLA,21,7,25,1,79,43,36,Indeterminado,12,54,Indeterminado,Indeterminado,14,25,0,23,25,23,25,0,0,0,0,0,0,1,22,0,0,0,0,21,1,1,0,0,0,0,23,0,0,0,0,23,0,0,23,0,0,0,,
REGIÓN DE VALPARAÍSO,VALPARAÍSO,VALPARAÍSO,PLACILLA,21,7,28,1,82,41,41,Indeterminado,16,49,Indeterminado,Indeterminado,Indeterminado,25,0,23,25,23,25,0,0,0,0,0,0,2,21,0,0,0,0,22,1,0,0,0,0,0,20,0,3,0,0,20,3,0,23,0,0,0,,
REGIÓN DE VALPARAÍSO,VALPARAÍSO,VALPARAÍSO,PLACILLA,21,7,27,1,148,70,78,22,15,105,6,0,6,51,0,46,51,47,51,0,0,0,0,0,0,3,41,2,0,0,0,45,0,1,0,0,0,0,45,0,1,0,0,45,1,0,46,0,0,0,,
REGIÓN DE VALPARAÍSO,VALPARAÍSO,VALPARAÍSO,PLACILLA,21,7,33,1,86,41,45,13,10,57,6,Indeterminado,6,34,0,32,34,32,34,0,0,0,0,0,0,13,19,0,0,0,0,32,0,0,0,0,0,0,30,0,2,0,0,30,2,0,32,0,0,0,,
REGIÓN DE VALPARAÍSO,VALPARAÍSO,VALPARAÍSO,PLACILLA,21,7,32,1,73,34,39,Indeterminado,10,54,Indeterminado,Indeterminado,7,30,0,26,30,26,30,0,0,0,0,0,0,4,21,1,0,0,0,26,0,0,0,0,0,0,26,0,0,0,0,26,0,0,26,0,0,0,,
REGIÓN DE VALPARAÍSO,VALPARAÍSO,VALPARAÍSO,PLACILLA,21,7,31,1,164,84,80,14,21,123,6,6,16,60,0,57,60,57,60,0,0,0,0,0,0,7,50,0,0,0,0,56,0,0,1,0,0,0,37,0,18,0,0,36,19,0,57,0,0,0,,
REGIÓN DE VALPARAÍSO,VALPARAÍSO,VALPARAÍSO,PLACILLA,21,7,26,1,153,68,85,20,20,107,6,7,9,52,0,51,52,52,52,0,0,0,0,0,0,24,27,0,0,0,0,51,0,0,0,0,0,0,50,0,1,0,0,50,1,0,51,0,0,0,,
REGIÓN DE VALPARAÍSO,VALPARAÍSO,VALPARAÍSO,PLACILLA,21,1,28,1,50,22,28,7,6,33,4,Indeterminado,0,15,0,13,15,13,15,0,0,0,0,0,0,9,1,3,0,0,0,10,2,1,0,0,0,0,13,0,0,0,0,13,0,0,13,0,0,0,,
REGIÓN DE VALPARAÍSO,VALPARAÍSO,VALPARAÍSO,PLACILLA,21,1,17,1,49,21,28,8,Indeterminado,33,Indeterminado,0,Indeterminado,14,0,14,14,14,14,0,0,0,0,0,0,1,13,0,0,0,0,14,0,0,0,0,0,0,14,0,0,0,0,14,0,0,14,0,0,0,,
REGIÓN DE VALPARAÍSO,VALPARAÍSO,VALPARAÍSO,PLACILLA,21,1,2,1,71,34,37,8,11,48,4,Indeterminado,Indeterminado,22,0,22,22,25,22,0,0,0,0,0,0,3,19,0,0,0,0,22,0,0,0,0,0,0,21,0,1,0,0,21,1,0,22,0,0,0,,
REGIÓN DE VALPARAÍSO,VALPARAÍSO,VALPARAÍSO,PLACILLA,21,1,15,1,91,42,49,Indeterminado,17,63,Indeterminado,Indeterminado,6,24,0,24,24,24,24,0,0,0,0,0,0,14,10,0,0,0,0,24,0,0,0,0,0,0,24,0,0,0,0,24,0,0,24,0,0,0,,
REGIÓN DE VALPARAÍSO,VALPARAÍSO,VALPARAÍSO,PLACILLA,21,1,24,1,28,10,18,5,7,16,0,6,0,13,0,8,13,8,13,0,0,0,0,0,0,7,1,0,0,0,0,8,0,0,0,0,0,0,8,0,0,0,0,8,0,0,8,0,0,0,,
REGIÓN DE VALPARAÍSO,VALPARAÍSO,VALPARAÍSO,PLACILLA,21,6,58,1,108,52,56,18,Indeterminado,77,Indeterminado,Indeterminado,10,40,0,37,40,38,40,0,0,0,0,0,0,11,26,0,0,0,0,5,2,28,1,0,0,0,37,0,0,0,0,35,1,0,37,0,0,0,,
REGIÓN DE VALPARAÍSO,VALPARAÍSO,VALPARAÍSO,PLACILLA,21,6,45,1,48,24,24,7,Indeterminado,34,Indeterminado,0,4,20,0,18,20,18,20,0,0,0,0,0,0,0,18,0,0,0,0,1,0,17,0,0,0,0,18,0,0,0,0,18,0,0,18,0,0,0,,
REGIÓN DE VALPARAÍSO,VALPARAÍSO,VALPARAÍSO,PLACILLA,21,6,44,1,56,20,36,Indeterminado,Indeterminado,44,0,Indeterminado,7,24,0,22,24,22,24,0,0,0,0,0,0,0,22,0,0,0,0,6,0,16,0,0,0,0,22,0,0,0,0,22,0,0,22,0,0,0,,
REGIÓN DE VALPARAÍSO,VALPARAÍSO,VALPARAÍSO,PLACILLA,21,6,43,1,66,28,38,Indeterminado,11,45,Indeterminado,0,5,25,0,23,25,23,25,0,0,0,0,0,0,0,23,0,0,0,0,2,0,21,0,0,0,0,23,0,0,0,0,23,0,0,23,0,0,0,,
REGIÓN DE VALPARAÍSO,VALPARAÍSO,VALPARAÍSO,PLACILLA,21,6,42,1,156,66,90,17,23,111,5,Indeterminado,13,58,0,56,58,56,58,0,0,0,0,0,0,2,53,0,0,0,0,16,0,39,0,0,0,0,53,0,1,0,0,53,1,0,54,0,0,0,,
REGIÓN DE VALPARAÍSO,VALPARAÍSO,VALPARAÍSO,PLACILLA,21,6,17,1,28,12,16,Indeterminado,Indeterminado,19,0,0,Indeterminado,10,0,10,10,10,10,0,0,0,0,0,0,1,9,0,0,0,0,0,0,10,0,0,0,0,10,0,0,0,0,10,0,0,10,0,0,0,,
REGIÓN DE VALPARAÍSO,VALPARAÍSO,VALPARAÍSO,PLACILLA,21,6,18,1,68,33,35,Indeterminado,10,48,Indeterminado,Indeterminado,5,20,0,20,20,20,20,0,0,0,0,0,0,0,20,0,0,0,0,3,1,16,0,0,0,0,19,0,1,0,0,19,1,0,20,0,0,0,,
REGIÓN DE VALPARAÍSO,VALPARAÍSO,VALPARAÍSO,PLACILLA,21,6,19,1,104,42,62,12,20,68,4,Indeterminado,6,30,0,29,30,29,30,0,0,0,0,0,0,3,26,0,0,0,0,2,0,27,0,0,0,0,28,0,1,0,0,28,1,0,29,0,0,0,,
REGIÓN DE VALPARAÍSO,VALPARAÍSO,VALPARAÍSO,PLACILLA,21,7,29,1,365,182,183,46,41,260,18,10,32,151,0,124,151,125,151,0,0,0,0,0,0,42,82,0,0,0,0,120,0,0,1,0,0,0,123,0,1,0,0,119,2,0,123,0,0,0,,
REGIÓN DE VALPARAÍSO,VALPARAÍSO,VALPARAÍSO,PLACILLA,21,1,27,1,100,52,48,Indeterminado,24,65,Indeterminado,7,4,199,0,30,199,30,35,163,0,0,1,0,0,5,11,14,0,0,0,18,1,11,0,0,0,0,30,0,0,0,0,30,0,0,30,0,0,0,,
REGIÓN DE VALPARAÍSO,VALPARAÍSO,VALPARAÍSO,PLACILLA,21,1,504,1,736,344,392,67,115,494,60,26,64,252,0,230,252,233,252,0,0,0,0,0,0,70,160,0,0,0,0,228,0,0,0,0,0,0,229,0,0,0,0,228,0,0,230,0,0,0,,
REGIÓN DE VALPARAÍSO,VALPARAÍSO,VALPARAÍSO,PLACILLA,21,4,2,1,15,7,8,0,0,15,0,0,0,4,0,4,4,4,4,0,0,0,0,0,0,0,1,3,0,0,0,0,0,4,0,0,0,0,4,0,0,0,0,4,0,0,4,0,0,0,,
REGIÓN DE VALPARAÍSO,VALPARAÍSO,VALPARAÍSO,PLACILLA,21,7,18,1,535,253,282,32,72,376,55,18,31,177,0,165,177,169,176,0,0,1,0,0,0,124,28,10,0,0,0,153,0,10,0,0,0,0,148,0,16,0,0,146,16,0,165,0,0,0,,
REGIÓN DE VALPARAÍSO,VALPARAÍSO,VALPARAÍSO,PLACILLA,21,2,2,1,902,432,470,104,145,606,47,21,57,301,0,279,301,279,301,0,0,0,0,0,0,66,209,4,0,0,0,272,0,4,2,0,0,0,277,0,1,0,0,274,3,0,278,0,0,0,,
REGIÓN DE VALPARAÍSO,VALPARAÍSO,VALPARAÍSO,PLACILLA,21,6,14,1,40,18,22,Indeterminado,8,25,Indeterminado,0,Indeterminado,12,0,10,12,10,12,0,0,0,0,0,0,0,10,0,0,0,0,2,0,8,0,0,0,0,10,0,0,0,0,10,0,0,10,0,0,0,,
REGIÓN DE VALPARAÍSO,VALPARAÍSO,VALPARAÍSO,PLACILLA,21,4,61,1,748,372,376,61,121,503,63,4,51,250,0,237,250,240,44,206,0,0,0,0,0,150,61,15,10,0,1,72,37,127,0,0,1,0,234,0,2,0,0,223,11,2,235,2,0,0,,
REGIÓN DE VALPARAÍSO,VALPARAÍSO,VALPARAÍSO,PLACILLA,21,4,59,1,166,84,82,21,32,107,6,Indeterminado,7,49,0,45,49,45,2,47,0,0,0,0,0,43,2,0,0,0,0,21,4,20,0,0,0,0,45,0,0,0,0,45,0,0,45,0,0,0,,
REGIÓN DE VALPARAÍSO,VALPARAÍSO,VALPARAÍSO,PLACILLA,21,7,14,1,186,84,102,12,20,134,20,10,0,59,0,57,59,57,59,0,0,0,0,0,0,10,47,0,0,0,0,51,0,6,0,0,0,0,55,0,2,0,0,55,2,0,57,0,0,0,,
REGIÓN DE VALPARAÍSO,VALPARAÍSO,VALPARAÍSO,PLACILLA,21,7,16,1,119,54,65,7,22,77,13,4,0,35,0,32,35,34,35,0,0,0,0,0,0,5,27,0,0,0,0,30,0,2,0,0,0,0,31,0,1,0,0,31,1,0,32,0,0,0,,
REGIÓN DE VALPARAÍSO,VALPARAÍSO,VALPARAÍSO,PLACILLA,21,3,19,1,34,16,18,Indeterminado,Indeterminado,21,8,0,Indeterminado,14,0,12,14,12,13,0,1,0,0,0,0,0,3,6,2,0,0,2,0,8,0,0,1,0,10,0,0,1,0,7,3,1,11,0,0,0,,
REGIÓN DE VALPARAÍSO,VALPARAÍSO,VALPARAÍSO,PLACILLA,21,3,20,1,31,18,13,Indeterminado,Indeterminado,25,Indeterminado,0,Indeterminado,10,0,10,10,10,9,0,0,0,1,0,0,0,2,8,0,0,0,0,0,10,0,0,0,0,9,0,0,1,0,9,1,0,9,1,0,0,,
REGIÓN DE VALPARAÍSO,VALPARAÍSO,VALPARAÍSO,PLACILLA,21,1,18,1,131,64,67,Indeterminado,20,95,Indeterminado,4,Indeterminado,45,0,41,45,44,45,0,0,0,0,0,0,39,1,1,0,0,0,41,0,0,0,0,0,0,39,0,2,0,0,39,2,0,41,0,0,0,,
REGIÓN DE VALPARAÍSO,VALPARAÍSO,VALPARAÍSO,PLACILLA,21,1,19,1,101,48,53,15,Indeterminado,70,Indeterminado,Indeterminado,Indeterminado,31,0,29,31,29,31,0,0,0,0,0,0,28,1,0,0,0,0,29,0,0,0,0,0,0,29,0,0,0,0,29,0,0,29,0,0,0,,
REGIÓN DE VALPARAÍSO,VALPARAÍSO,VALPARAÍSO,PLACILLA,21,1,26,1,83,45,38,19,14,50,0,Indeterminado,5,25,0,20,25,22,25,0,0,0,0,0,0,20,0,0,0,0,0,13,2,5,0,0,0,0,20,0,0,0,0,20,0,0,20,0,0,0,,
REGIÓN DE VALPARAÍSO,VALPARAÍSO,VALPARAÍSO,PLACILLA,21,8,3,1,30,14,16,Indeterminado,Indeterminado,25,Indeterminado,0,4,12,0,12,12,12,9,0,0,0,3,0,0,0,0,4,7,0,1,0,0,12,0,0,0,0,12,0,0,0,0,4,7,1,2,5,4,1,,
REGIÓN DE VALPARAÍSO,VALPARAÍSO,VALPARAÍSO,PLACILLA,21,6,55,1,80,38,42,14,Indeterminado,56,Indeterminado,Indeterminado,Indeterminado,25,0,24,25,24,25,0,0,0,0,0,0,16,8,0,0,0,0,1,0,23,0,0,0,0,24,0,0,0,0,24,0,0,24,0,0,0,,
REGIÓN DE VALPARAÍSO,VALPARAÍSO,VALPARAÍSO,PLACILLA,21,7,34,1,0,0,0,0,0,0,0,0,0,1,0,0,1,0,1,0,0,0,0,0,0,0,0,0,0,0,0,0,0,0,0,0,0,0,0,0,0,0,0,0,0,0,0,0,0,0,,
REGIÓN DE VALPARAÍSO,VALPARAÍSO,VALPARAÍSO,PLACILLA,21,4,60,1,173,79,94,Indeterminado,39,110,Indeterminado,0,Indeterminado,49,0,47,49,47,0,49,0,0,0,0,0,43,4,0,0,0,0,15,5,27,0,0,0,0,47,0,0,0,0,47,0,0,47,0,0,0,,
REGIÓN DE VALPARAÍSO,VALPARAÍSO,VALPARAÍSO,PLACILLA,21,5,4,1,222,102,120,19,25,163,15,10,18,74,0,72,74,75,73,0,0,1,0,0,0,0,56,14,0,2,0,2,0,69,0,0,1,0,70,0,2,0,0,68,3,1,72,0,0,0,,
REGIÓN DE VALPARAÍSO,VALPARAÍSO,VALPARAÍSO,PLACILLA,21,3,6,1,610,288,322,56,110,409,35,16,59,193,0,188,193,190,32,158,0,1,1,0,1,153,6,22,5,0,2,39,38,109,0,0,2,0,185,1,2,0,0,179,7,2,186,1,1,0,,
REGIÓN DE VALPARAÍSO,VALPARAÍSO,VALPARAÍSO,PLACILLA,21,1,3,1,542,249,293,73,81,353,35,6,37,173,0,163,173,165,173,0,0,0,0,0,0,90,69,4,0,0,0,156,1,5,0,0,0,0,161,0,2,0,0,160,2,0,161,0,0,0,,
REGIÓN DE VALPARAÍSO,VALPARAÍSO,VALPARAÍSO,PLACILLA,21,1,5,1,901,434,467,131,151,596,23,26,64,290,0,264,290,270,290,0,0,0,0,0,0,21,242,1,0,0,0,263,0,1,0,0,0,0,261,0,2,0,0,261,2,0,261,3,0,0,,
REGIÓN DE VALPARAÍSO,VALPARAÍSO,VALPARAÍSO,PLACILLA,21,3,5,1,153,66,87,17,26,100,10,0,12,51,0,47,51,47,2,47,0,0,0,0,2,40,5,2,0,0,0,0,2,45,0,0,0,0,45,0,0,1,0,45,1,0,47,0,0,0,,
REGIÓN DE VALPARAÍSO,VALPARAÍSO,VALPARAÍSO,PLACILLA,21,3,2,1,457,215,242,37,65,326,29,6,30,160,0,153,160,155,61,97,0,0,1,0,1,94,28,17,11,0,1,29,32,90,0,0,1,0,141,4,3,4,0,130,19,2,147,4,0,0,,
REGIÓN DE VALPARAÍSO,VALPARAÍSO,VALPARAÍSO,PLACILLA,21,2,17,1,24,12,12,Indeterminado,Indeterminado,16,0,Indeterminado,4,7,0,7,7,7,7,0,0,0,0,0,0,7,0,0,0,0,0,7,0,0,0,0,0,0,7,0,0,0,0,7,0,0,7,0,0,0,,
REGIÓN DE VALPARAÍSO,VALPARAÍSO,VALPARAÍSO,PLACILLA,21,2,501,1,106,46,60,18,Indeterminado,74,Indeterminado,4,5,32,0,31,32,31,32,0,0,0,0,0,0,14,17,0,0,0,0,31,0,0,0,0,0,0,31,0,0,0,0,31,0,0,31,0,0,0,,
REGIÓN DE VALPARAÍSO,VALPARAÍSO,VALPARAÍSO,PLACILLA,21,2,500,1,644,314,330,61,89,466,28,13,32,204,0,187,204,188,204,0,0,0,0,0,0,116,67,4,0,0,0,185,1,1,0,0,0,0,182,0,5,0,0,182,5,0,187,0,0,0,,
REGIÓN DE VALPARAÍSO,VALPARAÍSO,VALPARAÍSO,PLACILLA,21,4,504,1,51,26,25,0,7,38,6,Indeterminado,Indeterminado,18,0,18,18,18,18,0,0,0,0,0,0,8,1,6,2,1,0,3,0,15,0,0,0,0,16,0,2,0,0,14,4,0,18,0,0,0,,
REGIÓN DE VALPARAÍSO,VALPARAÍSO,VALPARAÍSO,PLACILLA,21,4,503,1,37,24,13,0,0,30,7,Indeterminado,Indeterminado,13,0,13,13,13,11,0,0,1,1,0,0,1,1,9,2,0,0,1,0,11,0,0,0,0,11,0,0,2,0,10,2,0,13,0,0,0,,
REGIÓN DE VALPARAÍSO,VALPARAÍSO,VALPARAÍSO,PLACILLA,21,4,501,1,54,30,24,11,13,25,5,0,Indeterminado,15,0,13,15,13,15,0,0,0,0,0,0,0,4,9,0,0,0,3,0,10,0,0,0,0,11,2,0,0,0,11,2,0,13,0,0,0,,
REGIÓN DE VALPARAÍSO,VALPARAÍSO,VALPARAÍSO,PLACILLA,21,4,10,1,138,71,67,10,15,92,21,Indeterminado,14,46,0,43,46,43,44,0,0,1,0,0,1,2,11,21,3,3,1,10,0,26,1,0,4,0,38,0,2,1,0,27,9,5,41,0,0,0,,
REGIÓN DE VALPARAÍSO,VALPARAÍSO,VALPARAÍSO,PLACILLA,21,6,502,1,27,13,14,Indeterminado,Indeterminado,21,0,Indeterminado,4,12,0,10,12,10,12,0,0,0,0,0,0,0,10,0,0,0,0,1,0,7,0,0,2,0,10,0,0,0,0,8,0,2,10,0,0,0,,
REGIÓN DE VALPARAÍSO,VALPARAÍSO,VALPARAÍSO,PLACILLA,21,6,501,1,58,26,32,10,Indeterminado,38,Indeterminado,Indeterminado,6,21,0,20,21,20,21,0,0,0,0,0,0,0,20,0,0,0,0,0,0,20,0,0,0,0,20,0,0,0,0,20,0,0,20,0,0,0,,
REGIÓN DE VALPARAÍSO,VALPARAÍSO,VALPARAÍSO,PLACILLA,21,6,500,1,49,27,22,6,7,36,0,0,11,20,0,18,20,18,20,0,0,0,0,0,0,2,16,0,0,0,0,5,0,13,0,0,0,0,16,0,1,0,0,16,1,0,18,0,0,0,,
REGIÓN DE VALPARAÍSO,VALPARAÍSO,VALPARAÍSO,PLACILLA,21,6,505,1,93,42,51,Indeterminado,16,63,Indeterminado,0,Indeterminado,34,0,30,34,30,34,0,0,0,0,0,0,0,30,0,0,0,0,2,0,28,0,0,0,0,29,0,1,0,0,29,1,0,30,0,0,0,,
REGIÓN DE VALPARAÍSO,VALPARAÍSO,VALPARAÍSO,PLACILLA,21,6,506,1,40,23,17,5,5,30,0,0,0,14,0,13,14,13,14,0,0,0,0,0,0,0,13,0,0,0,0,0,0,13,0,0,0,0,13,0,0,0,0,13,0,0,13,0,0,0,,
REGIÓN DE VALPARAÍSO,VALPARAÍSO,VALPARAÍSO,PLACILLA,21,6,507,1,27,10,17,Indeterminado,Indeterminado,18,0,0,0,14,0,9,14,9,14,0,0,0,0,0,0,0,9,0,0,0,0,0,0,8,0,0,1,0,8,0,1,0,0,7,1,1,9,0,0,0,,
REGIÓN DE VALPARAÍSO,VALPARAÍSO,VALPARAÍSO,PLACILLA,21,6,508,1,20,13,7,Indeterminado,Indeterminado,15,0,0,Indeterminado,12,0,7,12,7,12,0,0,0,0,0,0,0,7,0,0,0,0,0,0,7,0,0,0,0,7,0,0,0,0,7,0,0,7,0,0,0,,
REGIÓN DE VALPARAÍSO,VALPARAÍSO,VALPARAÍSO,PLACILLA,21,8,9,1,10,Indeterminado,Indeterminado,0,Indeterminado,Indeterminado,0,0,0,5,0,4,5,4,4,0,0,0,1,0,0,0,0,3,0,0,1,0,0,4,0,0,0,0,3,0,0,1,0,2,1,1,0,0,4,0,,
REGIÓN DE VALPARAÍSO,VALPARAÍSO,VALPARAÍSO,PLACILLA,21,4,35,1,9,Indeterminado,Indeterminado,0,Indeterminado,6,Indeterminado,0,Indeterminado,7,0,5,7,5,7,0,0,0,0,0,0,0,0,2,2,1,0,2,0,3,0,0,0,0,5,0,0,0,0,2,3,0,3,2,0,0,,
REGIÓN DE VALPARAÍSO,VALPARAÍSO,VALPARAÍSO,PLACILLA,21,4,20,1,51,24,27,6,4,37,4,Indeterminado,Indeterminado,21,0,15,21,15,17,0,0,0,0,0,4,0,1,11,3,0,0,0,0,15,0,0,0,0,14,0,0,1,0,11,4,0,15,0,0,0,,
REGIÓN DE VALPARAÍSO,VALPARAÍSO,VALPARAÍSO,PLACILLA,21,8,6,1,316,163,153,35,34,227,20,4,24,120,0,112,120,115,86,0,0,0,32,0,2,0,2,65,42,0,3,3,0,103,0,0,6,0,108,2,2,0,0,63,40,9,74,0,38,0,,
REGIÓN DE VALPARAÍSO,VALPARAÍSO,VALPARAÍSO,PLACILLA,21,1,901,1,487,239,248,52,74,335,26,11,15,158,0,146,158,146,158,0,0,0,0,0,0,17,128,1,0,0,0,144,0,0,0,0,0,0,144,0,0,0,1,143,0,1,145,0,0,0,,
REGIÓN DE VALPARAÍSO,VALPARAÍSO,VALPARAÍSO,PLACILLA,21,2,901,1,128,56,72,Indeterminado,27,81,Indeterminado,Indeterminado,Indeterminado,36,0,35,36,35,36,0,0,0,0,0,0,5,27,3,0,0,0,32,0,3,0,0,0,0,35,0,0,0,0,35,0,0,32,3,0,0,,
REGIÓN DE VALPARAÍSO,VALPARAÍSO,VALPARAÍSO,PLACILLA,21,3,901,1,167,82,85,14,24,113,16,Indeterminado,6,62,0,58,62,58,61,0,0,0,1,0,0,3,7,36,12,0,0,3,0,54,1,0,0,0,46,0,11,1,0,33,25,0,56,0,0,0,,
REGIÓN DE VALPARAÍSO,VALPARAÍSO,VALPARAÍSO,PLACILLA,21,4,901,1,90,56,34,5,8,64,13,Indeterminado,12,40,0,26,40,26,30,0,0,0,2,0,8,2,5,12,3,4,0,4,0,21,1,0,0,0,24,0,0,0,2,18,6,2,23,1,1,1,,
REGIÓN DE VALPARAÍSO,VALPARAÍSO,VALPARAÍSO,PLACILLA,21,6,901,1,80,34,46,8,13,54,5,0,8,27,0,27,27,27,27,0,0,0,0,0,0,2,24,1,0,0,0,3,0,24,0,0,0,0,25,0,2,0,0,25,2,0,27,0,0,0,,
REGIÓN DE VALPARAÍSO,VALPARAÍSO,VALPARAÍSO,PLACILLA,21,7,901,1,55,17,38,7,Indeterminado,39,Indeterminado,0,5,17,0,15,17,15,17,0,0,0,0,0,0,2,13,0,0,0,0,15,0,0,0,0,0,0,5,1,9,0,0,5,10,0,15,0,0,0,,
REGIÓN DE VALPARAÍSO,VALPARAÍSO,VALPARAÍSO,PLACILLA,21,8,901,1,47,20,27,Indeterminado,Indeterminado,31,8,0,7,19,0,17,19,18,15,0,0,1,1,1,1,2,4,6,2,2,1,2,0,13,0,0,2,0,15,0,1,0,0,11,4,1,16,0,0,0,,
REGIÓN DE VALPARAÍSO,VALPARAÍSO,VALPARAÍSO,PLACILLA,21,4,49,1,52,27,25,Indeterminado,Indeterminado,34,9,Indeterminado,Indeterminado,16,0,16,16,16,16,0,0,0,0,0,0,7,0,8,0,1,0,6,0,10,0,0,0,0,16,0,0,0,0,15,1,0,16,0,0,0,,
REGIÓN DE VALPARAÍSO,VALPARAÍSO,VALPARAÍSO,PLACILLA,21,8,8,1,62,29,33,4,8,36,14,0,5,20,0,20,20,21,20,0,0,0,0,0,0,4,0,4,11,0,0,0,0,19,0,0,0,0,18,0,1,0,0,7,12,0,19,0,0,0,,
REGIÓN DE VALPARAÍSO,VALPARAÍSO,VALPARAÍSO,PLACILLA,21,1,500,1,644,319,325,75,120,425,24,22,28,211,0,178,211,180,211,0,0,0,0,0,0,144,33,0,0,0,0,177,0,1,0,0,0,0,178,0,0,0,0,177,0,0,178,0,0,0,,
REGIÓN DE VALPARAÍSO,VALPARAÍSO,VALPARAÍSO,PLACILLA,21,1,501,1,34,18,16,5,7,22,0,Indeterminado,Indeterminado,16,0,9,16,9,16,0,0,0,0,0,0,2,7,0,0,0,0,9,0,0,0,0,0,0,9,0,0,0,0,9,0,0,9,0,0,0,,
REGIÓN DE VALPARAÍSO,VALPARAÍSO,VALPARAÍSO,PLACILLA,21,1,502,1,56,27,29,12,10,34,0,Indeterminado,6,20,0,16,20,16,20,0,0,0,0,0,0,16,0,0,0,0,0,4,12,0,0,0,0,0,16,0,0,0,0,16,0,0,16,0,0,0,,
REGIÓN DE VALPARAÍSO,VALPARAÍSO,VALPARAÍSO,PLACILLA,21,1,503,1,30,15,15,Indeterminado,7,16,Indeterminado,Indeterminado,0,8,0,7,8,7,8,0,0,0,0,0,0,5,2,0,0,0,0,4,0,3,0,0,0,0,7,0,0,0,0,7,0,0,7,0,0,0,,
